id,address,x,y,z,stay,timestamp,bs_address,sample_time,sample_batch
4045,03D2C30A,-0.6110712607613635,5.9755997090990185,0.8,1,1666582984409,01370022,"2022-10-24,11:43:04",27
4046,03D2C30A,-0.6110712607613635,5.9755997090990185,0.8,1,1666582984529,01370022,"2022-10-24,11:43:04",27
4047,03D2C30A,-0.6110712607613635,5.9755997090990185,0.8,1,1666582984659,01370022,"2022-10-24,11:43:04",27
4048,03D2C30A,-0.6110712607613635,5.9755997090990185,0.8,1,1666582984799,01370022,"2022-10-24,11:43:05",27
4049,03D2C30A,-0.6110712607613635,5.9755997090990185,0.8,1,1666582984919,01370022,"2022-10-24,11:43:05",27
4050,03D2C30A,-0.6110712607613635,5.9755997090990185,0.8,1,1666582985049,01370022,"2022-10-24,11:43:05",27
4051,03D2C30A,-0.6490166240399917,5.779505599140253,0.8,0,1666582985179,01370022,"2022-10-24,11:43:05",27
4052,03D2C30A,-0.8176636531952046,5.7787613492322425,0.8,0,1666582985299,01370022,"2022-10-24,11:43:05",27
4053,03D2C30A,-0.9430094028995892,5.778208190583944,0.8,0,1666582985419,01370022,"2022-10-24,11:43:05",27
4054,03D2C30A,-0.9430094028995892,5.778208190583944,0.8,1,1666582985542,01370022,"2022-10-24,11:43:05",27
4055,03D2C30A,-0.9430094028995892,5.778208190583944,0.8,1,1666582985659,01370022,"2022-10-24,11:43:05",27
4056,03D2C30A,-0.9430094028995892,5.778208190583944,0.8,1,1666582985779,01370022,"2022-10-24,11:43:05",27
4057,03D2C30A,-0.9695460379345251,5.7780910827506045,0.8,0,1666582985909,01370022,"2022-10-24,11:43:06",27
4058,03D2C30A,-1.100806124931804,5.777511823761207,0.8,0,1666582986029,01370022,"2022-10-24,11:43:06",27
4059,03D2C30A,-1.221344505250907,5.776979880335262,0.8,0,1666582986149,01370022,"2022-10-24,11:43:06",27
4060,03D2C30A,-1.3263958941506573,5.776516281972952,0.8,0,1666582986259,01370022,"2022-10-24,11:43:06",27
4061,03D2C30A,-1.3982820081389438,5.776199044047142,0.8,0,1666582986379,01370022,"2022-10-24,11:43:06",27
4062,03D2C30A,-1.470815370834303,5.70421551430929,0.8,0,1666582986509,01370022,"2022-10-24,11:43:06",27
4063,03D2C30A,-1.5145734984366586,5.612685678347468,0.8,0,1666582986619,01370022,"2022-10-24,11:43:06",27
4064,03D2C30A,-1.5644826453410894,5.497206252298277,0.8,0,1666582986749,01370022,"2022-10-24,11:43:06",27
4065,03D2C30A,-1.6083642089915675,5.3843162155469475,0.8,0,1666582986869,01370022,"2022-10-24,11:43:07",27
4066,03D2C30A,-1.6465785104688506,5.276846451332795,0.8,0,1666582986979,01370022,"2022-10-24,11:43:07",27
4067,03D2C30A,-1.6921804247674046,5.131325819997743,0.8,0,1666582987119,01370022,"2022-10-24,11:43:07",27
4068,03D2C30A,-1.727784740507882,5.000772001013503,0.8,0,1666582987239,01370022,"2022-10-24,11:43:07",27
4069,03D2C30A,-1.796886383442629,4.8928117829479145,0.8,0,1666582987499,01370022,"2022-10-24,11:43:07",27
4070,03D2C30A,-1.7921158323639763,4.758308982415276,0.8,0,1666582987619,01370022,"2022-10-24,11:43:07",27
4071,03D2C30A,-1.784178001192162,4.611123495138887,0.8,0,1666582987749,01370022,"2022-10-24,11:43:07",27
4072,03D2C30A,-1.7740210303092294,4.473783808956719,0.8,0,1666582987869,01370022,"2022-10-24,11:43:08",27
4073,03D2C30A,-1.7572071922101837,4.3095583529315,0.8,0,1666582988009,01370022,"2022-10-24,11:43:08",27
4074,03D2C30A,-1.7747248087509304,4.140147141700172,0.8,0,1666582988142,01370022,"2022-10-24,11:43:08",27
4075,03D2C30A,-1.7900744668039716,3.974130528105818,0.8,0,1666582988269,01370022,"2022-10-24,11:43:08",27
4076,03D2C30A,-1.8051799799629147,3.785150921372133,0.8,0,1666582988409,01370022,"2022-10-24,11:43:08",27
4077,03D2C30A,-1.7915262665936615,3.639790782694457,0.8,0,1666582988519,01370022,"2022-10-24,11:43:08",27
4078,03D2C30A,-1.7691700319377153,3.4504603803298464,0.8,0,1666582988659,01370022,"2022-10-24,11:43:08",27
4079,03D2C30A,-1.7458300573753476,3.2854178674850734,0.8,0,1666582988779,01370022,"2022-10-24,11:43:08",27
4080,03D2C30A,-1.7158520096921523,3.103448107530019,0.8,0,1666582988909,01370022,"2022-10-24,11:43:09",27
4081,03D2C30A,-1.6839161391808835,2.933183584135062,0.8,0,1666582989029,01370022,"2022-10-24,11:43:09",27
4082,03D2C30A,-1.2952501485648997,1.4194340202426958,0.8,0,1666582989809,01370022,"2022-10-24,11:43:10",27
4083,03D2C30A,-1.505399398005532,-1.4722939557291868,0.8,0,1666582990979,01370022,"2022-10-24,11:43:11",27
4084,03D2C30A,-1.505399398005532,-1.4722939557291868,0.8,1,1666582991109,01370022,"2022-10-24,11:43:11",27
4085,03D2C30A,-1.5019595748110437,-1.7253535481663982,0.8,0,1666582991229,01370022,"2022-10-24,11:43:11",27
4086,03D2C30A,-1.5696065490631097,-1.9621604529770187,0.8,0,1666582991349,01370022,"2022-10-24,11:43:11",27
4087,03D2C30A,-1.4455867478573523,-2.1450606399119603,0.8,0,1666582991489,01370022,"2022-10-24,11:43:11",27
4088,03D2C30A,-1.4455867478573523,-2.1450606399119603,0.8,1,1666582991599,01370022,"2022-10-24,11:43:11",27
4089,03D2C30A,-1.4343836421319658,-2.426158509173584,0.8,0,1666582991719,01370022,"2022-10-24,11:43:11",27
4090,03D2C30A,-1.321902792393549,-2.5395004395075995,0.8,0,1666582991859,01370022,"2022-10-24,11:43:12",27
4091,03D2C30A,-1.2331360642686102,-2.622259785811026,0.8,0,1666582991979,01370022,"2022-10-24,11:43:12",27
4092,03D2C30A,-1.0096868064127915,-3.3539822642903676,0.8,0,1666582992359,01370022,"2022-10-24,11:43:12",27
4093,03D2C30A,-0.9236220071149128,-3.5810107723755404,0.8,0,1666582992479,01370022,"2022-10-24,11:43:12",27
4094,03D2C30A,-0.8312574476053767,-3.6925819007082974,0.8,0,1666582992599,01370022,"2022-10-24,11:43:12",27
4095,03D2C30A,-0.7393458562832969,-3.6930690646198987,0.8,0,1666582992719,01370022,"2022-10-24,11:43:12",27
4096,03D2C30A,-0.7393458562832969,-3.6930690646198987,0.8,1,1666582992859,01370022,"2022-10-24,11:43:13",27
4097,03D2C30A,-0.6575109527971748,-3.6935028185253023,0.8,0,1666582992979,01370022,"2022-10-24,11:43:13",27
4098,03D2C30A,-0.6049137483506426,-3.6937816022944534,0.8,0,1666582993099,01370022,"2022-10-24,11:43:13",27
4099,03D2C30A,-0.4578565482465917,-3.69456105741868,0.8,0,1666582993239,01370022,"2022-10-24,11:43:13",27
4100,03D2C30A,-0.4377140919666145,-3.6946678195544393,0.8,0,1666582993389,01370022,"2022-10-24,11:43:13",27
4101,03D2C30A,-0.43481870387486765,-3.694683166134431,0.8,0,1666582993509,01370022,"2022-10-24,11:43:13",27
4102,03D2C30A,-0.31897746364555957,-3.695297165640947,0.8,0,1666582993629,01370022,"2022-10-24,11:43:13",27
4103,03D2C30A,-0.18985829379795227,-3.6959815428662877,0.8,0,1666582993759,01370022,"2022-10-24,11:43:13",27
4104,03D2C30A,-0.07938498815862882,-3.6965670904226795,0.8,0,1666582993869,01370022,"2022-10-24,11:43:14",27
4105,03D2C30A,0.05353896513641221,-3.6972716343447383,0.8,0,1666582993999,01370022,"2022-10-24,11:43:14",27
4106,03D2C30A,0.18691076175086163,-3.697978551994638,0.8,0,1666582994129,01370022,"2022-10-24,11:43:14",27
4107,03D2C30A,0.326581030373446,-3.6987188537717897,0.8,0,1666582994269,01370022,"2022-10-24,11:43:14",27
4108,03D2C30A,0.4307404949867406,-3.6992709357397047,0.8,0,1666582994389,01370022,"2022-10-24,11:43:14",27
4109,03D2C30A,0.524985678508326,-3.699770468514554,0.8,0,1666582994529,01370022,"2022-10-24,11:43:14",27
4110,03D2C30A,0.5922583108870345,-3.7001270372374093,0.8,0,1666582994659,01370022,"2022-10-24,11:43:14",27
4111,03D2C30A,0.6473315707925522,-3.7004189449754246,0.8,0,1666582994799,01370022,"2022-10-24,11:43:15",27
4112,03D2C30A,0.6899883396699362,-3.7006450409235376,0.8,0,1666582994949,01370022,"2022-10-24,11:43:15",27
4113,03D2C30A,0.7126658171186229,-3.7007652395672586,0.8,0,1666582995089,01370022,"2022-10-24,11:43:15",27
4114,03D2C30A,0.718703225793548,-3.7007972399665956,0.8,0,1666582995209,01370022,"2022-10-24,11:43:15",27
4115,03D2C30A,0.7250711842385238,-3.700830992396516,0.8,0,1666582995349,01370022,"2022-10-24,11:43:15",27
4116,03D2C30A,0.7237569030375246,-3.7008240262417407,0.8,0,1666582995489,01370022,"2022-10-24,11:43:15",27
4117,03D2C30A,0.7187093484852616,-3.7007972724190252,0.8,0,1666582995639,01370022,"2022-10-24,11:43:15",27
4118,03D2C30A,0.7038983709842404,-3.700718769004709,0.8,0,1666582995759,01370022,"2022-10-24,11:43:15",27
4119,03D2C30A,0.8158469270775148,-3.701312135909797,0.8,0,1666582995889,01370022,"2022-10-24,11:43:16",27
4120,03D2C30A,0.9224634549645687,-3.701877241181283,0.8,0,1666582996009,01370022,"2022-10-24,11:43:16",27
4121,03D2C30A,1.0217627422808517,-3.702403562492147,0.8,0,1666582996119,01370022,"2022-10-24,11:43:16",27
4122,03D2C30A,1.1221076363355964,-3.702935425888197,0.8,0,1666582996229,01370022,"2022-10-24,11:43:16",27
4123,03D2C30A,1.2428490409459654,-3.703575397997439,0.8,0,1666582996359,01370022,"2022-10-24,11:43:16",27
4124,03D2C30A,1.2428490409459654,-3.703575397997439,0.8,1,1666582996499,01370022,"2022-10-24,11:43:16",27
4125,03D2C30A,1.3555013076207034,-3.7041724948172696,0.8,0,1666582996639,01370022,"2022-10-24,11:43:16",27
4126,03D2C30A,1.4675767491922933,-3.7047665342602287,0.8,0,1666582996769,01370022,"2022-10-24,11:43:16",27
4127,03D2C30A,1.554296221855199,-3.705226178108265,0.8,0,1666582996899,01370022,"2022-10-24,11:43:17",27
4128,03D2C30A,1.554296221855199,-3.705226178108265,0.8,1,1666582997019,01370022,"2022-10-24,11:43:17",27
4129,03D2C30A,1.653883341680583,-3.705754025033135,0.8,0,1666582997142,01370022,"2022-10-24,11:43:17",27
4130,03D2C30A,1.6913567206020472,-3.705952647182895,0.8,0,1666582997269,01370022,"2022-10-24,11:43:17",27
4131,03D2C30A,1.720150286221612,-3.706105263255084,0.8,0,1666582997399,01370022,"2022-10-24,11:43:17",27
4132,03D2C30A,1.7405497635106006,-3.7062133876930115,0.8,0,1666582997529,01370022,"2022-10-24,11:43:17",27
4133,03D2C30A,1.8704224245801608,-3.7069017586880797,0.8,0,1666582997659,01370022,"2022-10-24,11:43:17",27
4134,03D2C30A,2.0039506214615272,-3.707609505314659,0.8,0,1666582997789,01370022,"2022-10-24,11:43:17",27
4135,03D2C30A,2.1522777995190125,-3.7083956917707943,0.8,0,1666582997929,01370022,"2022-10-24,11:43:18",27
4136,03D2C30A,2.2688541066570305,-3.7090135873916674,0.8,0,1666582998039,01370022,"2022-10-24,11:43:18",27
4137,03D2C30A,2.395041001692483,-3.709682422524364,0.8,0,1666582998159,01370022,"2022-10-24,11:43:18",27
4138,03D2C30A,2.4266161112659823,-3.709849781762386,0.8,0,1666582998279,01370022,"2022-10-24,11:43:18",27
4139,03D2C30A,2.452416137531614,-3.68513244040765,0.8,0,1666582998389,01370022,"2022-10-24,11:43:18",27
4140,03D2C30A,2.4776005556778573,-3.595047606666722,0.8,0,1666582998519,01370022,"2022-10-24,11:43:18",27
4141,03D2C30A,2.496065088140486,-3.498745596257584,0.8,0,1666582998649,01370022,"2022-10-24,11:43:18",27
4142,03D2C30A,2.5078924411297887,-3.3867306195754403,0.8,0,1666582998790,01370022,"2022-10-24,11:43:18",27
4143,03D2C30A,2.5129592273557138,-3.2971639525473777,0.8,0,1666582998899,01370022,"2022-10-24,11:43:19",27
4144,03D2C30A,2.5781156505079896,-3.3368970697423026,0.8,0,1666582999029,01370022,"2022-10-24,11:43:19",27
4145,03D2C30A,2.6299156163127413,-3.378096374772611,0.8,0,1666582999142,01370022,"2022-10-24,11:43:19",27
4146,03D2C30A,2.6832734633535913,-3.43310895557551,0.8,0,1666582999270,01370022,"2022-10-24,11:43:19",27
4147,03D2C30A,2.6832734633535913,-3.43310895557551,0.8,1,1666582999409,01370022,"2022-10-24,11:43:19",27
4148,03D2C30A,2.7667272373159784,-3.3995273861675055,0.8,0,1666582999529,01370022,"2022-10-24,11:43:19",27
4149,03D2C30A,2.792648930366523,-3.4651473825706263,0.8,0,1666582999640,01370022,"2022-10-24,11:43:19",27
4150,03D2C30A,2.816543618581137,-3.544071922500734,0.8,0,1666582999769,01370022,"2022-10-24,11:43:19",27
4151,03D2C30A,2.832267841998188,-3.6283172048124923,0.8,0,1666582999900,01370022,"2022-10-24,11:43:20",27
4152,03D2C30A,2.838105079812406,-3.707593065049546,0.8,0,1666583000020,01370022,"2022-10-24,11:43:20",27
4153,03D2C30A,2.8404455291259656,-3.7120432239065204,0.8,0,1666583000150,01370022,"2022-10-24,11:43:20",27
4154,03D2C30A,2.840755447352563,-3.712044866582633,0.8,0,1666583000290,01370022,"2022-10-24,11:43:20",27
4155,03D2C30A,2.840755447352563,-3.712044866582633,0.8,1,1666583001300,01370022,"2022-10-24,11:43:21",27
4156,03D2C30A,2.9513251386045374,-3.7126309250168306,0.8,0,1666583001430,01370022,"2022-10-24,11:43:21",27
4157,03D2C30A,3.081843773016295,-3.713322719898872,0.8,0,1666583001542,01370022,"2022-10-24,11:43:21",27
4158,03D2C30A,3.182007998921055,-3.6551653850635026,0.8,0,1666583001660,01370022,"2022-10-24,11:43:21",27
4159,03D2C30A,3.1406300353270087,-3.5612119154517115,0.8,0,1666583001800,01370022,"2022-10-24,11:43:22",27
4160,03D2C30A,3.0979486188893395,-3.4659286694399616,0.8,0,1666583001942,01370022,"2022-10-24,11:43:22",27
4161,03D2C30A,3.0979486188893395,-3.4659286694399616,0.8,1,1666583002550,01370022,"2022-10-24,11:43:22",27
4162,03D2C30A,3.1559608835813258,-3.4191155819575703,0.8,0,1666583002680,01370022,"2022-10-24,11:43:22",27
4163,03D2C30A,3.1322818148804576,-3.0914221061461054,0.8,0,1666583002930,01370022,"2022-10-24,11:43:23",27
4164,03D2C30A,3.197746148859964,-2.7324705883172173,0.8,0,1666583003200,01370022,"2022-10-24,11:43:23",27
4165,03D2C30A,3.317564828170137,-1.9083818053266977,1,0,1666583003700,01370022,"2022-10-24,11:43:23",27
4166,03D2C30A,3.308747275076985,-1.6996434957001576,1,0,1666583003830,01370022,"2022-10-24,11:43:24",27
4167,03D2C30A,3.303325747039909,-1.5294079360862196,1,0,1666583003942,01370022,"2022-10-24,11:43:24",27
4168,03D2C30A,3.303325747039909,-1.5294079360862196,1,1,1666583004050,01370022,"2022-10-24,11:43:24",27
4169,03D2C30A,3.32420154576211,-1.3654043385875805,1,0,1666583004190,01370022,"2022-10-24,11:43:24",27
4170,03D2C30A,3.32420154576211,-1.3654043385875805,1,1,1666583004330,01370022,"2022-10-24,11:43:24",27
4171,03D2C30A,3.32420154576211,-1.3654043385875805,1,1,1666583004450,01370022,"2022-10-24,11:43:24",27
4172,03D2C30A,3.32420154576211,-1.3654043385875805,1,1,1666583004580,01370022,"2022-10-24,11:43:24",27
4173,03D2C30A,3.3586320527653695,-1.0949127953714888,1,0,1666583004730,01370022,"2022-10-24,11:43:24",27
4174,03D2C30A,3.309989255602554,-0.9412765592522968,1,0,1666583004840,01370022,"2022-10-24,11:43:25",27
4175,03D2C30A,3.2625538578124305,-0.7817868320512569,1,0,1666583004960,01370022,"2022-10-24,11:43:25",27
4176,03D2C30A,3.2625538578124305,-0.7817868320512569,1,1,1666583005080,01370022,"2022-10-24,11:43:25",27
4177,03D2C30A,3.2659517660230692,-0.63851427105224,1,0,1666583005200,01370022,"2022-10-24,11:43:25",27
4178,03D2C30A,3.2007085630343997,-0.44437897962759193,1,0,1666583005350,01370022,"2022-10-24,11:43:25",27
4179,03D2C30A,3.1874323431335854,-0.27548934099777395,1,0,1666583005470,01370022,"2022-10-24,11:43:25",27
4180,03D2C30A,3.1739295953858324,-0.105827557746413,1,0,1666583005590,01370022,"2022-10-24,11:43:25",27
4181,03D2C30A,3.1600146033926855,0.06586560511085446,1,0,1666583005710,01370022,"2022-10-24,11:43:25",27
4182,03D2C30A,3.108607994787788,0.2606895507957335,1,0,1666583005850,01370022,"2022-10-24,11:43:26",27
4183,03D2C30A,3.0517357847362936,0.4599082537943759,1,0,1666583005990,01370022,"2022-10-24,11:43:26",27
4184,03D2C30A,2.9943851983257064,0.6480355476575538,1,0,1666583006120,01370022,"2022-10-24,11:43:26",27
4185,03D2C30A,2.9326517845908064,0.838950628026734,1,0,1666583006250,01370022,"2022-10-24,11:43:26",27
4186,03D2C30A,2.872040407462654,1.0170263547461251,1,0,1666583006370,01370022,"2022-10-24,11:43:26",27
4187,03D2C30A,2.807874203604211,1.196732020967657,1,0,1666583006490,01370022,"2022-10-24,11:43:26",27
4188,03D2C30A,2.656699803383413,1.5727916220533487,1,0,1666583006730,01370022,"2022-10-24,11:43:26",27
4189,03D2C30A,2.585325118641867,1.7889602083231269,1,0,1666583006860,01370022,"2022-10-24,11:43:27",27
4190,03D2C30A,2.511995130963637,2.0068571824708674,1,0,1666583006990,01370022,"2022-10-24,11:43:27",27
4191,03D2C30A,2.4363816726450085,2.226761125522091,1,0,1666583007120,01370022,"2022-10-24,11:43:27",27
4192,03D2C30A,2.3645537972249464,2.4311947242604544,1,0,1666583007240,01370022,"2022-10-24,11:43:27",27
4193,03D2C30A,2.2905691316322376,2.6370530118024362,1,0,1666583007360,01370022,"2022-10-24,11:43:27",27
4194,03D2C30A,2.220786679239156,2.8266775285745953,1,0,1666583007470,01370022,"2022-10-24,11:43:27",27
4195,03D2C30A,2.1349835481931323,3.052786817247703,1,0,1666583007600,01370022,"2022-10-24,11:43:27",27
4196,03D2C30A,2.0523557514812922,3.3263110269337015,0.8,0,1666583007750,01370022,"2022-10-24,11:43:27",27
4197,03D2C30A,1.954777228481092,3.5556313560073143,1,0,1666583007880,01370022,"2022-10-24,11:43:28",27
4198,03D2C30A,1.83987147003964,3.8008662903065447,1,0,1666583008020,01370022,"2022-10-24,11:43:28",27
4199,03D2C30A,1.7667541841908925,4.047674586463938,0.8,0,1666583008150,01370022,"2022-10-24,11:43:28",27
4200,03D2C30A,-1.41510141699826,4.298218355249162,0.8,0,1666594844504,01370022,"2022-10-24,15:00:44",28
4201,03D2C30A,-1.4776146233898342,4.209532334191135,0.8,0,1666594844614,01370022,"2022-10-24,15:00:44",28
4202,03D2C30A,-1.4227033700468654,4.086764729184518,0.8,0,1666594844754,01370022,"2022-10-24,15:00:44",28
4203,03D2C30A,-1.3728445255809723,3.9809821338868003,0.8,0,1666594844874,01370022,"2022-10-24,15:00:45",28
4204,03D2C30A,-1.3249649578714648,3.8837576373035447,0.8,0,1666594844984,01370022,"2022-10-24,15:00:45",28
4205,03D2C30A,-1.401717058355107,3.8592667374069083,0.8,0,1666594845114,01370022,"2022-10-24,15:00:45",28
4206,03D2C30A,-1.470286454735702,3.840925317141026,0.8,0,1666594845254,01370022,"2022-10-24,15:00:45",28
4207,03D2C30A,-1.470286454735702,3.840925317141026,0.8,1,1666594845384,01370022,"2022-10-24,15:00:45",28
4208,03D2C30A,-1.4838090488516285,3.7585580272098174,0.8,0,1666594845525,01370022,"2022-10-24,15:00:45",28
4209,03D2C30A,-1.5475114015518803,3.7817264322947794,0.8,0,1666594845664,01370022,"2022-10-24,15:00:45",28
4210,03D2C30A,-1.5124782620702655,3.663323039776169,0.8,0,1666594845794,01370022,"2022-10-24,15:00:45",28
4211,03D2C30A,-1.5124782620702655,3.663323039776169,0.8,1,1666594845924,01370022,"2022-10-24,15:00:46",28
4212,03D2C30A,-1.5244126068670116,3.5953405942735723,0.8,0,1666594846034,01370022,"2022-10-24,15:00:46",28
4213,03D2C30A,-1.483931620516136,3.4821001500247903,0.8,0,1666594846154,01370022,"2022-10-24,15:00:46",28
4214,03D2C30A,-1.4379097391148261,3.3584237963306296,0.8,0,1666594846284,01370022,"2022-10-24,15:00:46",28
4215,03D2C30A,-1.4379097391148261,3.3584237963306296,0.8,1,1666594846664,01370022,"2022-10-24,15:00:46",28
4216,03D2C30A,-1.4339568090132222,3.2065515664213886,0.8,0,1666594846804,01370022,"2022-10-24,15:00:46",28
4217,03D2C30A,-1.3887029326164382,3.052363985323355,0.8,0,1666594846934,01370022,"2022-10-24,15:00:47",28
4218,03D2C30A,-1.3419102495956718,2.892371545256648,0.8,0,1666594847074,01370022,"2022-10-24,15:00:47",28
4219,03D2C30A,-1.2984315430239863,2.7454083035235013,0.8,0,1666594847204,01370022,"2022-10-24,15:00:47",28
4220,03D2C30A,-1.3648951740295991,2.19695218937092,0.8,0,1666594847594,01370022,"2022-10-24,15:00:47",28
4221,03D2C30A,-1.3966682950154026,1.994901391823759,0.8,0,1666594847734,01370022,"2022-10-24,15:00:47",28
4222,03D2C30A,-1.130052686741102,1.5094424822338215,0.8,0,1666594848094,01370022,"2022-10-24,15:00:48",28
4223,03D2C30A,-1.130052686741102,1.5094424822338215,0.8,1,1666594848234,01370022,"2022-10-24,15:00:48",28
4224,03D2C30A,-1.0974782745833764,1.3301471985740798,0.8,0,1666594848374,01370022,"2022-10-24,15:00:48",28
4225,03D2C30A,-1.4553529231054367,-1.3614548385818035,0.8,0,1666594849654,01370022,"2022-10-24,15:00:49",28
4226,03D2C30A,-1.5201367462250917,-1.6304382400234314,0.8,0,1666594849784,01370022,"2022-10-24,15:00:49",28
4227,03D2C30A,-1.5785625492152513,-1.8605746225189437,0.8,0,1666594849904,01370022,"2022-10-24,15:00:50",28
4228,03D2C30A,-1.638247603595148,-2.1948974207125045,0.8,0,1666594850184,01370022,"2022-10-24,15:00:50",28
4229,03D2C30A,-1.5267204704620263,-2.3169797749538055,0.8,0,1666594850324,01370022,"2022-10-24,15:00:50",28
4230,03D2C30A,-1.191093339964953,-2.5136626508434654,0.8,0,1666594850674,01370022,"2022-10-24,15:00:50",28
4231,03D2C30A,-1.0667971837571137,-2.5388834181056428,0.8,0,1666594850814,01370022,"2022-10-24,15:00:50",28
4232,03D2C30A,-0.9672895453608161,-2.702305114707462,0.8,0,1666594850934,01370022,"2022-10-24,15:00:51",28
4233,03D2C30A,-0.8621224874748086,-2.8586605789015684,0.8,0,1666594851054,01370022,"2022-10-24,15:00:51",28
4234,03D2C30A,-0.7521580997100897,-3.0114552954938185,0.8,0,1666594851194,01370022,"2022-10-24,15:00:51",28
4235,03D2C30A,-0.6649038142861075,-3.127740374316239,0.8,0,1666594851336,01370022,"2022-10-24,15:00:51",28
4236,03D2C30A,-0.6061038607429665,-3.194710064810562,0.8,0,1666594851454,01370022,"2022-10-24,15:00:51",28
4237,03D2C30A,-0.4945860785842171,-3.3382240456580927,0.8,0,1666594851574,01370022,"2022-10-24,15:00:51",28
4238,03D2C30A,-0.36730967840195083,-3.4922678522726724,0.8,0,1666594851704,01370022,"2022-10-24,15:00:51",28
4239,03D2C30A,-0.25479933104122154,-3.619899963039329,0.8,0,1666594851814,01370022,"2022-10-24,15:00:51",28
4240,03D2C30A,-0.11428068425913018,-3.6963821309027125,0.8,0,1666594851944,01370022,"2022-10-24,15:00:52",28
4241,03D2C30A,0.057070234828465516,-3.6972903513219046,0.8,0,1666594852094,01370022,"2022-10-24,15:00:52",28
4242,03D2C30A,0.1808366073546228,-3.6979463568299935,0.8,0,1666594852204,01370022,"2022-10-24,15:00:52",28
4243,03D2C30A,0.31096502859755226,-3.6986360834443555,0.8,0,1666594852324,01370022,"2022-10-24,15:00:52",28
4244,03D2C30A,0.31452294988804574,-3.6986549416844112,0.8,0,1666594852444,01370022,"2022-10-24,15:00:52",28
4245,03D2C30A,0.3111453054998057,-3.6986370389756393,0.8,0,1666594852564,01370022,"2022-10-24,15:00:52",28
4246,03D2C30A,0.4044981284682292,-3.6991318419242356,0.8,0,1666594852674,01370022,"2022-10-24,15:00:52",28
4247,03D2C30A,0.4989533390516474,-3.699632487916727,0.8,0,1666594852814,01370022,"2022-10-24,15:00:52",28
4248,03D2C30A,0.5728285985339587,-3.7000240528963153,0.8,0,1666594852954,01370022,"2022-10-24,15:00:53",28
4249,03D2C30A,0.6235723058610461,-3.7002930124757873,0.8,0,1666594853084,01370022,"2022-10-24,15:00:53",28
4250,03D2C30A,0.6693380640118729,-3.700535587165633,0.8,0,1666594853236,01370022,"2022-10-24,15:00:53",28
4251,03D2C30A,0.6861017257502455,-3.7006244404964015,0.8,0,1666594853354,01370022,"2022-10-24,15:00:53",28
4252,03D2C30A,0.6960984491018447,-3.700677426662576,0.8,0,1666594853464,01370022,"2022-10-24,15:00:53",28
4253,03D2C30A,0.7023016236860729,-3.700710305679807,0.8,0,1666594853584,01370022,"2022-10-24,15:00:53",28
4254,03D2C30A,0.703408710145152,-3.7007161736292367,0.8,0,1666594853704,01370022,"2022-10-24,15:00:53",28
4255,03D2C30A,0.7024401054865974,-3.7007110396822833,0.8,0,1666594853834,01370022,"2022-10-24,15:00:53",28
4256,03D2C30A,0.6946566748909841,-3.7006697847497976,0.8,0,1666594853954,01370022,"2022-10-24,15:00:54",28
4257,03D2C30A,0.6861665743114269,-3.7006247842166906,0.8,0,1666594854084,01370022,"2022-10-24,15:00:54",28
4258,03D2C30A,0.6774727344373579,-3.7005787037933295,0.8,0,1666594854234,01370022,"2022-10-24,15:00:54",28
4259,03D2C30A,0.7733000143110695,-3.70108662223789,0.8,0,1666594854354,01370022,"2022-10-24,15:00:54",28
4260,03D2C30A,0.8822435204762282,-3.701664061316504,0.8,0,1666594854484,01370022,"2022-10-24,15:00:54",28
4261,03D2C30A,0.9960267368993039,-3.70226715256963,0.8,0,1666594854614,01370022,"2022-10-24,15:00:54",28
4262,03D2C30A,1.1045742255760134,-3.7028424926156194,0.8,0,1666594854735,01370022,"2022-10-24,15:00:54",28
4263,03D2C30A,1.2324882379465905,-3.703520482080481,0.8,0,1666594854874,01370022,"2022-10-24,15:00:55",28
4264,03D2C30A,1.350949911623168,-3.704148370810216,0.8,0,1666594855004,01370022,"2022-10-24,15:00:55",28
4265,03D2C30A,1.453377968163597,-3.7046912757035395,0.8,0,1666594855124,01370022,"2022-10-24,15:00:55",28
4266,03D2C30A,1.5499560410601623,-3.7052031736164186,0.8,0,1666594855264,01370022,"2022-10-24,15:00:55",28
4267,03D2C30A,1.622117495047522,-3.7055856548212986,0.8,0,1666594855394,01370022,"2022-10-24,15:00:55",28
4268,03D2C30A,1.6828035969539648,-3.7059073126052553,0.8,0,1666594855535,01370022,"2022-10-24,15:00:55",28
4269,03D2C30A,1.7271072977211093,-3.706142137874339,0.8,0,1666594855675,01370022,"2022-10-24,15:00:55",28
4270,03D2C30A,1.7467598807618643,-3.7062463035088307,0.8,0,1666594855784,01370022,"2022-10-24,15:00:55",28
4271,03D2C30A,1.891647732223785,-3.7070142603186995,0.8,0,1666594855925,01370022,"2022-10-24,15:00:56",28
4272,03D2C30A,2.0288361925136265,-3.7077414076347233,0.8,0,1666594856054,01370022,"2022-10-24,15:00:56",28
4273,03D2C30A,2.182410096321456,-3.708555403591302,0.8,0,1666594856194,01370022,"2022-10-24,15:00:56",28
4274,03D2C30A,2.214099856252215,-3.70872337051673,0.8,0,1666594856315,01370022,"2022-10-24,15:00:56",28
4275,03D2C30A,2.2417429371639956,-3.6854102860462996,0.8,0,1666594856434,01370022,"2022-10-24,15:00:56",28
4276,03D2C30A,2.267218638269168,-3.5871879851406545,0.8,0,1666594856564,01370022,"2022-10-24,15:00:56",28
4277,03D2C30A,2.2867852971555043,-3.4823640110360685,0.8,0,1666594856695,01370022,"2022-10-24,15:00:56",28
4278,03D2C30A,2.2867852971555043,-3.4823640110360685,0.8,1,1666594856824,01370022,"2022-10-24,15:00:56",28
4279,03D2C30A,2.3805310460825893,-3.4198396894161367,0.8,0,1666594856944,01370022,"2022-10-24,15:00:57",28
4280,03D2C30A,2.3815120157274214,-3.304126839738176,0.8,0,1666594857074,01370022,"2022-10-24,15:00:57",28
4281,03D2C30A,2.539036367978887,-3.404222510497145,0.8,0,1666594857334,01370022,"2022-10-24,15:00:57",28
4282,03D2C30A,2.6095823997516736,-3.4668918574263423,0.8,0,1666594857465,01370022,"2022-10-24,15:00:57",28
4283,03D2C30A,2.671619679182413,-3.536606088471828,0.8,0,1666594857594,01370022,"2022-10-24,15:00:57",28
4284,03D2C30A,2.729437780702187,-3.622863924199361,0.8,0,1666594857735,01370022,"2022-10-24,15:00:57",28
4285,03D2C30A,2.7640053747388675,-3.6932626017566887,0.8,0,1666594857844,01370022,"2022-10-24,15:00:57",28
4286,03D2C30A,2.79397396235356,-3.711796908181578,0.8,0,1666594857965,01370022,"2022-10-24,15:00:58",28
4287,03D2C30A,2.8214047508107445,-3.7119423010532593,0.8,0,1666594858105,01370022,"2022-10-24,15:00:58",28
4288,03D2C30A,2.836331460104605,-3.7120214178869726,0.8,0,1666594858234,01370022,"2022-10-24,15:00:58",28
4289,03D2C30A,4.9737721142431965,-2.788994793319866,0.8,0,1666594859424,01370022,"2022-10-24,15:00:59",28
4290,03D2C30A,5.147929636574504,-2.685469398729396,0.8,0,1666594859534,01370022,"2022-10-24,15:00:59",28
4291,03D2C30A,5.130135246424768,-2.5836401847978188,0.8,0,1666594859674,01370022,"2022-10-24,15:00:59",28
4292,03D2C30A,4.679203862902398,-1.8916359432175411,0.8,0,1666594860324,01370022,"2022-10-24,15:01:00",28
4293,03D2C30A,4.582657554273015,-1.7629345643323577,0.8,0,1666594860454,01370022,"2022-10-24,15:01:00",28
4294,03D2C30A,4.514189405447091,-1.660002915376588,0.8,0,1666594860564,01370022,"2022-10-24,15:01:00",28
4295,03D2C30A,4.444291503933164,-1.550732066216455,0.8,0,1666594860684,01370022,"2022-10-24,15:01:00",28
4296,03D2C30A,4.431864643188381,-1.411215817022175,0.8,0,1666594860795,01370022,"2022-10-24,15:01:00",28
4297,03D2C30A,4.41558483170124,-1.2465046275764702,0.8,0,1666594860924,01370022,"2022-10-24,15:01:01",28
4298,03D2C30A,3.520584232887392,-0.21158325677177914,0.8,0,1666594861684,01370022,"2022-10-24,15:01:01",28
4299,03D2C30A,3.436922024338676,-0.0056087888652921886,1,0,1666594861804,01370022,"2022-10-24,15:01:01",28
4300,03D2C30A,3.34918795598556,0.20914699390897284,1,0,1666594861935,01370022,"2022-10-24,15:01:02",28
4301,03D2C30A,3.257474823353087,0.4342726012665608,1,0,1666594862074,01370022,"2022-10-24,15:01:02",28
4302,03D2C30A,2.982377388135409,1.1331472096725965,1,0,1666594862464,01370022,"2022-10-24,15:01:02",28
4303,03D2C30A,2.8927809160869216,1.3705339144692226,1,0,1666594862594,01370022,"2022-10-24,15:01:02",28
4304,03D2C30A,2.88944862190242,1.5976908480669907,1,0,1666594862724,01370022,"2022-10-24,15:01:02",28
4305,03D2C30A,2.8193569783487265,1.8559975579569237,1,0,1666594862864,01370022,"2022-10-24,15:01:03",28
4306,03D2C30A,2.707069885357918,2.051459530337536,1,0,1666594862984,01370022,"2022-10-24,15:01:03",28
4307,03D2C30A,2.5907178709591308,2.2446247450012278,1,0,1666594863104,01370022,"2022-10-24,15:01:03",28
4308,03D2C30A,2.5418803161303036,2.4870092586125536,1,0,1666594863235,01370022,"2022-10-24,15:01:03",28
4309,03D2C30A,2.4893161214136197,2.748895934491349,1,0,1666594863374,01370022,"2022-10-24,15:01:03",28
4310,03D2C30A,2.359292604706006,2.919146655095453,1,0,1666594863494,01370022,"2022-10-24,15:01:03",28
4311,03D2C30A,2.235065072351232,3.0624064565685787,1,0,1666594863604,01370022,"2022-10-24,15:01:03",28
4312,03D2C30A,2.094139882446902,3.2018333533652052,1,0,1666594863725,01370022,"2022-10-24,15:01:03",28
4313,03D2C30A,1.9551503500837017,3.3149129828860397,1,0,1666594863845,01370022,"2022-10-24,15:01:03",28
4314,03D2C30A,1.8256430888367712,3.4009225482692815,1,0,1666594863965,01370022,"2022-10-24,15:01:04",28
4315,03D2C30A,1.7890353335013245,3.5804614566943243,0.8,0,1666594864075,01370022,"2022-10-24,15:01:04",28
4316,03D2C30A,1.7564076934795045,3.792884985728549,0.8,0,1666594864205,01370022,"2022-10-24,15:01:04",28
4317,03D2C30A,1.7564076934795045,3.792884985728549,1,1,1666594864325,01370022,"2022-10-24,15:01:04",28
4318,03D2C30A,1.6321270809629727,4.047060612141833,1,0,1666594864445,01370022,"2022-10-24,15:01:04",28
4319,03D2C30A,1.5642103710290574,4.158837569266474,1,0,1666594864565,01370022,"2022-10-24,15:01:04",28
4320,03D2C30A,1.5122811626354662,4.243281251310375,1,0,1666594864685,01370022,"2022-10-24,15:01:04",28
4321,03D2C30A,1.4687614271308276,4.314020052329875,1,0,1666594864815,01370022,"2022-10-24,15:01:04",28
4322,03D2C30A,1.4447799944495132,4.349259637335588,1,0,1666594864925,01370022,"2022-10-24,15:01:05",28
4323,03D2C30A,1.4239506998686178,4.381217132983935,1,0,1666594865035,01370022,"2022-10-24,15:01:05",28
4324,03D2C30A,1.4037527421569642,4.411384841743649,1,0,1666594865175,01370022,"2022-10-24,15:01:05",28
4325,03D2C30A,1.3821956161605344,4.572548941778307,0.8,0,1666594865296,01370022,"2022-10-24,15:01:05",28
4326,03D2C30A,1.3821956161605344,4.572548941778307,0.8,1,1666594865435,01370022,"2022-10-24,15:01:05",28
4327,03D2C30A,1.2960709149071936,4.757136438406596,0.8,0,1666594865555,01370022,"2022-10-24,15:01:05",28
4328,03D2C30A,1.3261118756570434,4.894874995507403,0.8,0,1666594865675,01370022,"2022-10-24,15:01:05",28
4329,03D2C30A,1.3530642836567095,5.019737423290951,0.8,0,1666594865815,01370022,"2022-10-24,15:01:05",28
4330,03D2C30A,1.3452293612058033,5.230211509699001,0.8,0,1666594865965,01370022,"2022-10-24,15:01:06",28
4331,03D2C30A,1.3456713483777085,5.384961547052631,0.8,0,1666594866075,01370022,"2022-10-24,15:01:06",28
4332,03D2C30A,1.3554260336523465,5.583762301144709,0.8,0,1666594866215,01370022,"2022-10-24,15:01:06",28
4333,03D2C30A,1.3736398828230247,5.737658801818605,0.8,0,1666594866325,01370022,"2022-10-24,15:01:06",28
4334,03D2C30A,1.4454916392295276,5.7887487953594485,0.8,0,1666594866465,01370022,"2022-10-24,15:01:06",28
4335,03D2C30A,1.4703822646057372,5.788858639249018,0.8,0,1666594866615,01370022,"2022-10-24,15:01:06",28
4336,03D2C30A,1.4703822646057372,5.788858639249018,0.8,1,1666594866735,01370022,"2022-10-24,15:01:06",28
4337,03D2C30A,1.4602068487428985,5.788813734501167,0.8,0,1666594866865,01370022,"2022-10-24,15:01:07",28
4338,03D2C30A,1.4729524793867332,5.78886998176791,0.8,0,1666594867005,01370022,"2022-10-24,15:01:07",28
4383,03D2C30A,-1.674230732053101,5.774981265036047,0.8,0,1666596558334,01370022,"2022-10-24,15:29:18",29
4384,03D2C30A,-1.7138269640411155,5.774806524382967,0.8,0,1666596558474,01370022,"2022-10-24,15:29:18",29
4385,03D2C30A,-1.7414409150171544,5.774684662286868,0.8,0,1666596558604,01370022,"2022-10-24,15:29:18",29
4386,03D2C30A,-1.7617014928781387,5.774595251087129,0.8,0,1666596558734,01370022,"2022-10-24,15:29:18",29
4387,03D2C30A,-1.7758145580971716,5.774532969245914,0.8,0,1666596558864,01370022,"2022-10-24,15:29:19",29
4388,03D2C30A,-1.7758145580971716,5.774532969245914,0.8,1,1666596558994,01370022,"2022-10-24,15:29:19",29
4389,03D2C30A,-1.7758145580971716,5.774532969245914,0.8,1,1666596559134,01370022,"2022-10-24,15:29:19",29
4390,03D2C30A,-1.8455018482765788,5.774225434867365,0.8,0,1666596559264,01370022,"2022-10-24,15:29:19",29
4391,03D2C30A,-1.8240411919633615,5.774320142088517,0.8,0,1666596559394,01370022,"2022-10-24,15:29:19",29
4392,03D2C30A,-1.8103671594556743,5.774380486450863,0.8,0,1666596559534,01370022,"2022-10-24,15:29:19",29
4393,03D2C30A,-1.8103671594556743,5.774380486450863,0.8,1,1666596559674,01370022,"2022-10-24,15:29:19",29
4394,03D2C30A,-1.8103671594556743,5.774380486450863,0.8,1,1666596559804,01370022,"2022-10-24,15:29:20",29
4395,03D2C30A,-1.8538740456628848,5.774188487835651,0.8,0,1666596559944,01370022,"2022-10-24,15:29:20",29
4396,03D2C30A,-1.8199340118337952,5.7743382673318076,0.8,0,1666596560074,01370022,"2022-10-24,15:29:20",29
4397,03D2C30A,-1.8199340118337952,5.7743382673318076,0.8,1,1666596560204,01370022,"2022-10-24,15:29:20",29
4398,03D2C30A,-1.8199340118337952,5.7743382673318076,0.8,1,1666596560324,01370022,"2022-10-24,15:29:20",29
4399,03D2C30A,-1.8199340118337952,5.7743382673318076,0.8,1,1666596560454,01370022,"2022-10-24,15:29:20",29
4400,03D2C30A,-1.8525948624557818,5.774194132951305,0.8,0,1666596560574,01370022,"2022-10-24,15:29:20",29
4401,03D2C30A,-1.8363013708720237,5.731551044687331,0.8,0,1666596560704,01370022,"2022-10-24,15:29:20",29
4402,03D2C30A,-1.821710394462273,5.596764074058142,0.8,0,1666596560844,01370022,"2022-10-24,15:29:21",29
4403,03D2C30A,-1.7882098530553672,5.480232955766493,0.8,0,1666596560974,01370022,"2022-10-24,15:29:21",29
4404,03D2C30A,-1.7602378585708416,5.382841824960416,0.8,0,1666596561084,01370022,"2022-10-24,15:29:21",29
4405,03D2C30A,-1.7602378585708416,5.382841824960416,0.8,1,1666596561214,01370022,"2022-10-24,15:29:21",29
4406,03D2C30A,-1.7613196940972302,5.318839924676416,0.8,0,1666596561344,01370022,"2022-10-24,15:29:21",29
4407,03D2C30A,-1.756739263592457,5.174967486716139,0.8,0,1666596561484,01370022,"2022-10-24,15:29:21",29
4408,03D2C30A,-1.7112210887468313,5.04996766925619,0.8,0,1666596561614,01370022,"2022-10-24,15:29:21",29
4409,03D2C30A,-1.6787999809619876,4.927810344887713,0.8,0,1666596561734,01370022,"2022-10-24,15:29:21",29
4410,03D2C30A,-1.644964211901466,4.803055516880285,0.8,0,1666596561854,01370022,"2022-10-24,15:29:22",29
4411,03D2C30A,-1.6094196483248802,4.675058830819532,0.8,0,1666596561974,01370022,"2022-10-24,15:29:22",29
4412,03D2C30A,-1.571971747766327,4.543434517412768,0.8,0,1666596562094,01370022,"2022-10-24,15:29:22",29
4413,03D2C30A,-1.528775117922822,4.3957187534719555,0.8,0,1666596562224,01370022,"2022-10-24,15:29:22",29
4414,03D2C30A,-1.478735803781143,4.229811140633637,0.8,0,1666596562364,01370022,"2022-10-24,15:29:22",29
4415,03D2C30A,-1.4293278485379364,4.0703973746751965,0.8,0,1666596562494,01370022,"2022-10-24,15:29:22",29
4416,03D2C30A,-1.3771896560531283,3.906204393771278,0.8,0,1666596562624,01370022,"2022-10-24,15:29:22",29
4417,03D2C30A,-1.3771896560531283,3.906204393771278,0.8,1,1666596562764,01370022,"2022-10-24,15:29:22",29
4418,03D2C30A,-1.3010014851298517,3.6026678070635225,0.8,0,1666596565424,01370022,"2022-10-24,15:29:25",29
4419,03D2C30A,-1.3065006719459138,3.3820841696462636,0.8,0,1666596565554,01370022,"2022-10-24,15:29:25",29
4420,03D2C30A,-1.3070545081685452,3.21460182822503,0.8,0,1666596565674,01370022,"2022-10-24,15:29:25",29
4421,03D2C30A,-1.2261114677872607,2.65811899947084,0.8,0,1666596566034,01370022,"2022-10-24,15:29:26",29
4422,03D2C30A,-1.201084265225094,2.4847020324894986,0.8,0,1666596566144,01370022,"2022-10-24,15:29:26",29
4423,03D2C30A,-1.1693324868784478,2.264413083091878,0.8,0,1666596566284,01370022,"2022-10-24,15:29:26",29
4424,03D2C30A,-1.1370894117943675,2.039601124324285,0.8,0,1666596566424,01370022,"2022-10-24,15:29:26",29
4425,03D2C30A,-1.1042236717793625,1.80914533795187,0.8,0,1666596566564,01370022,"2022-10-24,15:29:26",29
4426,03D2C30A,-1.075732138728401,1.6084972151356105,0.8,0,1666596566684,01370022,"2022-10-24,15:29:26",29
4427,03D2C30A,-1.0469575564711624,1.4050811920470356,0.8,0,1666596566804,01370022,"2022-10-24,15:29:27",29
4428,03D2C30A,-1.0153449512361545,1.180545992338577,0.8,0,1666596566934,01370022,"2022-10-24,15:29:27",29
4429,03D2C30A,-0.983284463077518,0.9516690369669718,0.8,0,1666596567064,01370022,"2022-10-24,15:29:27",29
4430,03D2C30A,-0.9562014932346662,0.737060230956128,0.8,0,1666596567184,01370022,"2022-10-24,15:29:27",29
4431,03D2C30A,-0.9291133247172616,0.5197189687526851,0.8,0,1666596567304,01370022,"2022-10-24,15:29:27",29
4432,03D2C30A,-0.8997463963789318,0.2805786820911437,0.8,0,1666596567434,01370022,"2022-10-24,15:29:27",29
4433,03D2C30A,-0.850535852072034,0.04177004428890436,0.8,0,1666596567564,01370022,"2022-10-24,15:29:27",29
4434,03D2C30A,-0.8075145937565733,-0.1618580042615967,0.8,0,1666596567674,01370022,"2022-10-24,15:29:27",29
4435,03D2C30A,-0.7546026617835974,-0.4051661523317745,0.8,0,1666596567804,01370022,"2022-10-24,15:29:28",29
4436,03D2C30A,-0.7218312785448124,-0.6761648370333029,0.8,0,1666596567944,01370022,"2022-10-24,15:29:28",29
4437,03D2C30A,-0.6945107708107168,-0.9111467546722708,0.8,0,1666596568064,01370022,"2022-10-24,15:29:28",29
4438,03D2C30A,-0.6369187392815385,-1.164980625071675,0.8,0,1666596568195,01370022,"2022-10-24,15:29:28",29
4439,03D2C30A,-0.577270858128984,-1.417170678711433,0.8,0,1666596568324,01370022,"2022-10-24,15:29:28",29
4440,03D2C30A,-0.577270858128984,-1.417170678711433,0.8,1,1666596568454,01370022,"2022-10-24,15:29:28",29
4441,03D2C30A,-0.5186587181271359,-1.7603800760597805,0.8,0,1666596568594,01370022,"2022-10-24,15:29:28",29
4442,03D2C30A,-0.4503587140353219,-2.0101998506591365,0.8,0,1666596568724,01370022,"2022-10-24,15:29:28",29
4443,03D2C30A,-0.3795285742243574,-2.2603241280363613,0.8,0,1666596568854,01370022,"2022-10-24,15:29:29",29
4444,03D2C30A,-0.3054753893592564,-2.5109924778197574,0.8,0,1666596568984,01370022,"2022-10-24,15:29:29",29
4445,03D2C30A,-0.05565825107818423,-3.265075214076528,0.8,0,1666596569374,01370022,"2022-10-24,15:29:29",29
4446,03D2C30A,0.032507712702487535,-3.4949635445500817,0.8,0,1666596569494,01370022,"2022-10-24,15:29:29",29
4447,03D2C30A,0.14666732221960022,-3.6977652475448255,0.8,0,1666596569634,01370022,"2022-10-24,15:29:29",29
4448,03D2C30A,0.26451812331071967,-3.698389898434001,0.8,0,1666596569764,01370022,"2022-10-24,15:29:30",29
4449,03D2C30A,0.26451812331071967,-3.698389898434001,0.8,1,1666596569884,01370022,"2022-10-24,15:29:30",29
4450,03D2C30A,0.36439337649080183,-3.6989192725674647,0.8,0,1666596570004,01370022,"2022-10-24,15:29:30",29
4451,03D2C30A,0.45470329809502186,-3.6993979470636003,0.8,0,1666596570144,01370022,"2022-10-24,15:29:30",29
4452,03D2C30A,0.5117241368996535,-3.699700177657971,0.8,0,1666596570254,01370022,"2022-10-24,15:29:30",29
4453,03D2C30A,0.6518952920363406,-3.700443134310639,0.8,0,1666596570384,01370022,"2022-10-24,15:29:30",29
4454,03D2C30A,0.8080317614182562,-3.70127071277026,0.8,0,1666596570524,01370022,"2022-10-24,15:29:30",29
4455,03D2C30A,0.944224923688946,-3.701992584655087,0.8,0,1666596570644,01370022,"2022-10-24,15:29:30",29
4456,03D2C30A,1.0695561901531603,-3.702656884654014,0.8,0,1666596570754,01370022,"2022-10-24,15:29:30",29
4457,03D2C30A,1.2066647155694152,-3.7033836082869627,0.8,0,1666596570874,01370022,"2022-10-24,15:29:31",29
4458,03D2C30A,1.3537335489308413,-3.7041631250715636,0.8,0,1666596571004,01370022,"2022-10-24,15:29:31",29
4459,03D2C30A,1.4808141931823169,-3.7048366973909177,0.8,0,1666596571124,01370022,"2022-10-24,15:29:31",29
4460,03D2C30A,1.5799826478067471,-3.7053623252422843,0.8,0,1666596571234,01370022,"2022-10-24,15:29:31",29
4461,03D2C30A,1.6659756000624633,-3.7058181182754417,0.8,0,1666596571354,01370022,"2022-10-24,15:29:31",29
4462,03D2C30A,1.732884747709754,-3.7061727604007806,0.8,0,1666596571474,01370022,"2022-10-24,15:29:31",29
4463,03D2C30A,1.788813638155541,-3.7064692032830022,0.8,0,1666596571604,01370022,"2022-10-24,15:29:31",29
4464,03D2C30A,1.8378536555996714,-3.706729132704084,0.8,0,1666596571754,01370022,"2022-10-24,15:29:31",29
4465,03D2C30A,1.8583953924935637,-3.706838011168186,0.8,0,1666596571884,01370022,"2022-10-24,15:29:32",29
4466,03D2C30A,1.8686738325847903,-3.7068924905326273,0.8,0,1666596572004,01370022,"2022-10-24,15:29:32",29
4467,03D2C30A,1.8737942918055746,-3.7069196307758467,0.8,0,1666596572114,01370022,"2022-10-24,15:29:32",29
4468,03D2C30A,1.8732298116202069,-3.706916638831401,0.8,0,1666596572244,01370022,"2022-10-24,15:29:32",29
4469,03D2C30A,1.9900019366913866,-3.7075355723565138,0.8,0,1666596572364,01370022,"2022-10-24,15:29:32",29
4470,03D2C30A,2.0120385142818304,-3.7076523740045197,0.8,0,1666596572484,01370022,"2022-10-24,15:29:32",29
4471,03D2C30A,2.117513324784291,-3.7082114277704337,0.8,0,1666596572594,01370022,"2022-10-24,15:29:32",29
4472,03D2C30A,2.267611903249116,-3.7090070032746643,0.8,0,1666596572744,01370022,"2022-10-24,15:29:32",29
4473,03D2C30A,2.377063436274501,-3.709587135075152,0.8,0,1666596572854,01370022,"2022-10-24,15:29:33",29
4474,03D2C30A,2.4934068993236798,-3.710203796540077,0.8,0,1666596572974,01370022,"2022-10-24,15:29:33",29
4475,03D2C30A,2.4934068993236798,-3.710203796540077,0.8,1,1666596573104,01370022,"2022-10-24,15:29:33",29
4476,03D2C30A,2.618241870630048,-3.710865465999298,0.8,0,1666596573224,01370022,"2022-10-24,15:29:33",29
4477,03D2C30A,2.7010608278105286,-3.711304435737004,0.8,0,1666596573354,01370022,"2022-10-24,15:29:33",29
4478,03D2C30A,2.7690139993218343,-3.711664611557735,0.8,0,1666596573494,01370022,"2022-10-24,15:29:33",29
4479,03D2C30A,2.815274273162684,-3.711909807355478,0.8,0,1666596573624,01370022,"2022-10-24,15:29:33",29
4480,03D2C30A,2.815274273162684,-3.711909807355478,0.8,1,1666596573764,01370022,"2022-10-24,15:29:33",29
4481,03D2C30A,2.9303684090713635,-3.7125198469451,0.8,0,1666596573894,01370022,"2022-10-24,15:29:34",29
4482,03D2C30A,2.9251138920974182,-3.7124919961484184,0.8,0,1666596574024,01370022,"2022-10-24,15:29:34",29
4483,03D2C30A,3.639299017253099,-2.7717119669800985,0.8,0,1666596575014,01370022,"2022-10-24,15:29:35",29
4484,03D2C30A,3.8180094685730235,-2.6904974815584977,0.8,0,1666596575134,01370022,"2022-10-24,15:29:35",29
4485,03D2C30A,3.9790426318067147,-2.613675073920254,0.8,0,1666596575254,01370022,"2022-10-24,15:29:35",29
4486,03D2C30A,3.971015266297499,-2.487066397001046,0.8,0,1666596575384,01370022,"2022-10-24,15:29:35",29
4487,03D2C30A,3.9496793741678284,-2.3655483335741834,0.8,0,1666596575524,01370022,"2022-10-24,15:29:35",29
4488,03D2C30A,3.9001519115721157,-1.8655795323778945,0.8,0,1666596575905,01370022,"2022-10-24,15:29:36",29
4489,03D2C30A,3.865302577929606,-1.680871222726838,0.8,0,1666596576044,01370022,"2022-10-24,15:29:36",29
4490,03D2C30A,3.8376944480958968,-1.5385912767367773,0.8,0,1666596576154,01370022,"2022-10-24,15:29:36",29
4491,03D2C30A,3.662820616465163,-0.7318791485455303,0.8,0,1666596576644,01370022,"2022-10-24,15:29:36",29
4492,03D2C30A,3.5384508779143484,-0.3232061211619899,0.8,0,1666596576885,01370022,"2022-10-24,15:29:37",29
4493,03D2C30A,3.4687464364844343,-0.1096345367296011,0.8,0,1666596577015,01370022,"2022-10-24,15:29:37",29
4494,03D2C30A,3.385107502282639,0.037097019818489826,0.8,0,1666596577124,01370022,"2022-10-24,15:29:37",29
4495,03D2C30A,3.1628949474912273,0.3683346941495522,0.8,0,1666596577374,01370022,"2022-10-24,15:29:37",29
4496,03D2C30A,3.038199774237362,0.8559056713566406,1,0,1666596577644,01370022,"2022-10-24,15:29:37",29
4497,03D2C30A,2.7641380044759596,1.2772602312676276,1,0,1666596577915,01370022,"2022-10-24,15:29:38",29
4498,03D2C30A,2.6360499536390947,1.4538229171843304,1,0,1666596578035,01370022,"2022-10-24,15:29:38",29
4499,03D2C30A,2.518752346612459,1.6102373818010427,1,0,1666596578145,01370022,"2022-10-24,15:29:38",29
4500,03D2C30A,2.3760740435001733,1.7878739783789719,1,0,1666596578275,01370022,"2022-10-24,15:29:38",29
4501,03D2C30A,2.226424422031751,1.9535431921217359,1,0,1666596578405,01370022,"2022-10-24,15:29:38",29
4502,03D2C30A,2.194483558468466,2.193755953137786,1,0,1666596578545,01370022,"2022-10-24,15:29:38",29
4503,03D2C30A,2.179733019751208,2.3965672172368877,1,0,1666596578665,01370022,"2022-10-24,15:29:38",29
4504,03D2C30A,2.0610439065757413,2.4894016981722107,1,0,1666596578785,01370022,"2022-10-24,15:29:39",29
4505,03D2C30A,2.0610439065757413,2.4894016981722107,1,1,1666596578905,01370022,"2022-10-24,15:29:39",29
4506,03D2C30A,1.948309029727792,2.746014834084546,1,0,1666596579035,01370022,"2022-10-24,15:29:39",29
4507,03D2C30A,1.824021077431302,2.917811907206774,1,0,1666596579155,01370022,"2022-10-24,15:29:39",29
4508,03D2C30A,1.708778219226865,3.0693565854552673,1,0,1666596579285,01370022,"2022-10-24,15:29:39",29
4509,03D2C30A,1.6234554697128474,3.1752502861592116,1,0,1666596579405,01370022,"2022-10-24,15:29:39",29
4510,03D2C30A,1.551785064475082,3.2639079541379505,1,0,1666596579535,01370022,"2022-10-24,15:29:39",29
4511,03D2C30A,1.4963155177887464,3.4557770009765396,1,0,1666596579655,01370022,"2022-10-24,15:29:39",29
4512,03D2C30A,1.4484681619148971,3.6662305024135913,1,0,1666596579785,01370022,"2022-10-24,15:29:40",29
4513,03D2C30A,1.424014139173358,3.858063378791678,1,0,1666596579905,01370022,"2022-10-24,15:29:40",29
4514,03D2C30A,1.424014139173358,3.858063378791678,1,1,1666596580045,01370022,"2022-10-24,15:29:40",29
4515,03D2C30A,1.320743723548729,4.101922158660882,1,0,1666596580155,01370022,"2022-10-24,15:29:40",29
4516,03D2C30A,1.34075682344143,4.190562683013438,1,0,1666596580275,01370022,"2022-10-24,15:29:40",29
4517,03D2C30A,1.3608053811041083,4.24891346647429,1,0,1666596580385,01370022,"2022-10-24,15:29:40",29
4518,03D2C30A,1.3759932266898816,4.300403886942604,1,0,1666596580505,01370022,"2022-10-24,15:29:40",29
4519,03D2C30A,1.3667225916903336,4.4751297305807425,0.8,0,1666596580625,01370022,"2022-10-24,15:29:40",29
4520,03D2C30A,1.3666845378623296,4.634695188517062,0.8,0,1666596580735,01370022,"2022-10-24,15:29:40",29
4521,03D2C30A,1.3830414564149038,4.836112779481251,0.8,0,1666596580875,01370022,"2022-10-24,15:29:41",29
4522,03D2C30A,1.3830414564149038,4.836112779481251,0.8,1,1666596581015,01370022,"2022-10-24,15:29:41",29
4523,03D2C30A,1.336349799602173,5.060999230044381,0.8,0,1666596581135,01370022,"2022-10-24,15:29:41",29
4524,03D2C30A,1.336349799602173,5.060999230044381,0.8,1,1666596581275,01370022,"2022-10-24,15:29:41",29
4525,03D2C30A,1.2915452264086462,5.276796700562516,0.8,0,1666596581415,01370022,"2022-10-24,15:29:41",29
4526,03D2C30A,1.3510016958560327,5.303226245829399,0.8,0,1666596581545,01370022,"2022-10-24,15:29:41",29
4527,03D2C30A,1.399528588202138,5.319274379588143,0.8,0,1666596581675,01370022,"2022-10-24,15:29:41",29
4528,03D2C30A,1.399528588202138,5.319274379588143,0.8,1,1666596581785,01370022,"2022-10-24,15:29:42",29
4529,03D2C30A,1.3821109840260684,5.475477219534608,0.8,0,1666596581925,01370022,"2022-10-24,15:29:42",29
4530,03D2C30A,-1.0104474502554024,5.300432434891588,0.8,1,1666596674829,01370022,"2022-10-24,15:31:15",30
4531,03D2C30A,-0.8599535923667584,4.823618426353885,0.8,1,1666596674969,01370022,"2022-10-24,15:31:15",30
4532,03D2C30A,-0.7094597344781144,4.346804417816182,0.8,1,1666596675089,01370022,"2022-10-24,15:31:15",30
4533,03D2C30A,-0.269520316658497,4.584403468000597,0.8,1,1666596675229,01370022,"2022-10-24,15:31:15",30
4534,03D2C30A,-0.44432701487403725,4.912475720811489,0.8,0,1666596675359,01370022,"2022-10-24,15:31:15",30
4535,03D2C30A,-0.2625896014006246,4.913056795624944,0.8,0,1666596675480,01370022,"2022-10-24,15:31:15",30
4536,03D2C30A,-0.14324502426877442,4.780814600178574,0.8,0,1666596675620,01370022,"2022-10-24,15:31:15",30
4537,03D2C30A,-0.14287598874539129,4.622212476090657,0.8,0,1666596675769,01370022,"2022-10-24,15:31:15",30
4538,03D2C30A,-0.1443728560628733,4.4859764243871,0.8,0,1666596675899,01370022,"2022-10-24,15:31:16",30
4539,03D2C30A,-0.2740555723828327,4.1438549330831815,0.8,0,1666596676420,01370022,"2022-10-24,15:31:16",30
4540,03D2C30A,-0.30498798832825674,3.979671139919316,0.8,0,1666596676541,01370022,"2022-10-24,15:31:16",30
4541,03D2C30A,-0.33670817352922433,3.813710654433817,0.8,0,1666596676669,01370022,"2022-10-24,15:31:16",30
4542,03D2C30A,-0.3678537059235485,3.65944791196832,0.8,0,1666596676790,01370022,"2022-10-24,15:31:16",30
4543,03D2C30A,-0.4011436595200095,3.5068013205965363,0.8,0,1666596676910,01370022,"2022-10-24,15:31:17",30
4544,03D2C30A,-0.46763060022832864,3.2305267809214753,0.8,0,1666596677141,01370022,"2022-10-24,15:31:17",30
4545,03D2C30A,-0.5126436739112158,3.0864858796247714,0.8,0,1666596677270,01370022,"2022-10-24,15:31:17",30
4546,03D2C30A,-0.5448792910905353,2.9906804638577675,0.8,0,1666596677380,01370022,"2022-10-24,15:31:17",30
4547,03D2C30A,-0.5628397425958024,2.823639341475498,0.8,0,1666596677500,01370022,"2022-10-24,15:31:17",30
4548,03D2C30A,-0.5799675729019936,2.653636716594789,0.8,0,1666596677620,01370022,"2022-10-24,15:31:17",30
4549,03D2C30A,-0.5960483416472717,2.478773994995969,0.8,0,1666596677741,01370022,"2022-10-24,15:31:17",30
4550,03D2C30A,-0.612248868288951,2.271948468879193,0.8,0,1666596677880,01370022,"2022-10-24,15:31:18",30
4551,03D2C30A,-0.6245746914960105,2.0911057027258697,0.8,0,1666596678020,01370022,"2022-10-24,15:31:18",30
4552,03D2C30A,-0.6333321460157348,1.9492489187637398,0.8,0,1666596678160,01370022,"2022-10-24,15:31:18",30
4553,03D2C30A,-0.6367146720498055,1.8654034724707997,0.8,0,1666596678270,01370022,"2022-10-24,15:31:18",30
4554,03D2C30A,-0.6396790919754097,1.7935040857225384,0.8,0,1666596678390,01370022,"2022-10-24,15:31:18",30
4555,03D2C30A,-1.0659870237342202,1.1764638518362076,0.8,0,1666596678890,01370022,"2022-10-24,15:31:19",30
4556,03D2C30A,-1.2014838910305505,1.0557254548122548,0.8,0,1666596679010,01370022,"2022-10-24,15:31:19",30
4557,03D2C30A,-1.3475665631235008,0.9401413487909109,0.8,0,1666596679141,01370022,"2022-10-24,15:31:19",30
4558,03D2C30A,-1.3356421197133768,0.7752328463040132,0.8,0,1666596679260,01370022,"2022-10-24,15:31:19",30
4559,03D2C30A,-1.2950264897836055,0.6987905849448933,0.8,0,1666596679380,01370022,"2022-10-24,15:31:19",30
4560,03D2C30A,-1.4139998971423688,0.6422342859551003,0.8,0,1666596679523,01370022,"2022-10-24,15:31:19",30
4561,03D2C30A,-1.508310485648052,0.6133454723418056,0.8,0,1666596679650,01370022,"2022-10-24,15:31:19",30
4562,03D2C30A,-1.4231116619986202,0.33645684099495077,0.8,0,1666596679900,01370022,"2022-10-24,15:31:20",30
4563,03D2C30A,-1.0429156750457484,-0.8503147925485941,0.8,0,1666596680920,01370022,"2022-10-24,15:31:21",30
4564,03D2C30A,-0.5475382127636454,-2.1440823438581518,0.8,0,1666596681570,01370022,"2022-10-24,15:31:21",30
4565,03D2C30A,-0.4436058500208513,-2.4036599820883144,0.8,0,1666596681710,01370022,"2022-10-24,15:31:21",30
4566,03D2C30A,-0.3615959150909725,-2.6156162935237868,0.8,0,1666596681830,01370022,"2022-10-24,15:31:21",30
4567,03D2C30A,-0.28060871593165576,-2.6520254065293996,0.8,0,1666596681960,01370022,"2022-10-24,15:31:22",30
4568,03D2C30A,0.20650992806470217,-3.256548126029755,0.8,0,1666596682600,01370022,"2022-10-24,15:31:22",30
4569,03D2C30A,0.35530416174719576,-3.259936179105018,0.8,0,1666596682730,01370022,"2022-10-24,15:31:22",30
4570,03D2C30A,0.45067758132165026,-3.2765666066774664,0.8,0,1666596682860,01370022,"2022-10-24,15:31:23",30
4571,03D2C30A,0.5232533904637044,-3.2986919696302617,0.8,0,1666596683000,01370022,"2022-10-24,15:31:23",30
4572,03D2C30A,0.5770502235718805,-3.3130571895404324,0.8,0,1666596683141,01370022,"2022-10-24,15:31:23",30
4573,03D2C30A,0.551252347753088,-3.428942343710667,0.8,0,1666596683260,01370022,"2022-10-24,15:31:23",30
4574,03D2C30A,0.584696790697788,-3.5739540606089992,0.8,0,1666596683370,01370022,"2022-10-24,15:31:23",30
4575,03D2C30A,0.6117656292569889,-3.7002304329178153,0.8,0,1666596683490,01370022,"2022-10-24,15:31:23",30
4576,03D2C30A,0.6283387315815308,-3.7003182762163553,0.8,0,1666596683610,01370022,"2022-10-24,15:31:23",30
4577,03D2C30A,0.6460516817974407,-3.7004121611114926,0.8,0,1666596683760,01370022,"2022-10-24,15:31:23",30
4578,03D2C30A,0.6457538995840473,-3.7004105827605382,0.8,0,1666596683870,01370022,"2022-10-24,15:31:24",30
4579,03D2C30A,0.6451382571664599,-3.7004073196381837,0.8,0,1666596683990,01370022,"2022-10-24,15:31:24",30
4580,03D2C30A,0.6433045593213826,-3.7003976003916548,0.8,0,1666596684120,01370022,"2022-10-24,15:31:24",30
4581,03D2C30A,0.6367033177883821,-3.700362611478936,0.8,0,1666596684240,01370022,"2022-10-24,15:31:24",30
4582,03D2C30A,0.6299579536830642,-3.700326858665657,0.8,0,1666596684370,01370022,"2022-10-24,15:31:24",30
4583,03D2C30A,0.6223258445565056,-3.7002864057904277,0.8,0,1666596684510,01370022,"2022-10-24,15:31:24",30
4584,03D2C30A,0.6111719452651716,-3.7002272861828764,0.8,0,1666596684630,01370022,"2022-10-24,15:31:24",30
4585,03D2C30A,0.6077366043377124,-3.7002090776620595,0.8,0,1666596684890,01370022,"2022-10-24,15:31:25",30
4586,03D2C30A,0.5912099552889325,-3.7001214805822955,0.8,0,1666596685020,01370022,"2022-10-24,15:31:25",30
4587,03D2C30A,0.5776403473533733,-3.7000495568653227,0.8,0,1666596685150,01370022,"2022-10-24,15:31:25",30
4588,03D2C30A,0.5662687160991515,-3.699989283201431,0.8,0,1666596685290,01370022,"2022-10-24,15:31:25",30
4589,03D2C30A,0.9273361668075264,-3.701903068275857,0.8,0,1666596685690,01370022,"2022-10-24,15:31:25",30
4590,03D2C30A,1.0358474775805675,-3.7024782165661736,0.8,0,1666596685800,01370022,"2022-10-24,15:31:25",30
4591,03D2C30A,1.2706651298451526,-3.7037228330976113,0.8,0,1666596686060,01370022,"2022-10-24,15:31:26",30
4592,03D2C30A,1.4026407988612624,-3.7044223507779086,0.8,0,1666596686200,01370022,"2022-10-24,15:31:26",30
4593,03D2C30A,1.4026407988612624,-3.7044223507779086,0.8,1,1666596686330,01370022,"2022-10-24,15:31:26",30
4594,03D2C30A,1.4924451485789687,-3.7048983455643985,0.8,0,1666596686460,01370022,"2022-10-24,15:31:26",30
4595,03D2C30A,1.5699286704513469,-3.7053090356096585,0.8,0,1666596686600,01370022,"2022-10-24,15:31:26",30
4596,03D2C30A,1.5699286704513469,-3.7053090356096585,0.8,1,1666596686720,01370022,"2022-10-24,15:31:26",30
4597,03D2C30A,1.6561662160233812,-3.705766125073821,0.8,0,1666596686860,01370022,"2022-10-24,15:31:27",30
4598,03D2C30A,1.6865071463779953,-3.705926942725877,0.8,0,1666596687000,01370022,"2022-10-24,15:31:27",30
4599,03D2C30A,1.703095538282113,-3.706014867064592,0.8,0,1666596687120,01370022,"2022-10-24,15:31:27",30
4600,03D2C30A,1.7154241317029464,-3.7060802129661155,0.8,0,1666596687240,01370022,"2022-10-24,15:31:27",30
4601,03D2C30A,1.723855999731743,-3.706124904846127,0.8,0,1666596687360,01370022,"2022-10-24,15:31:27",30
4602,03D2C30A,1.732872118828484,-3.7061726934632473,0.8,0,1666596687500,01370022,"2022-10-24,15:31:27",30
4603,03D2C30A,1.7326544095317065,-3.7061715395270456,0.8,0,1666596687620,01370022,"2022-10-24,15:31:27",30
4604,03D2C30A,1.731822905079952,-3.7061671322596332,0.8,0,1666596687750,01370022,"2022-10-24,15:31:27",30
4605,03D2C30A,1.7280374257873405,-3.706147067881757,0.8,0,1666596687880,01370022,"2022-10-24,15:31:28",30
4606,03D2C30A,1.7219911069918177,-3.7061150202556323,0.8,0,1666596688010,01370022,"2022-10-24,15:31:28",30
4607,03D2C30A,1.712388429948414,-3.7060641226741304,0.8,0,1666596688120,01370022,"2022-10-24,15:31:28",30
4608,03D2C30A,1.7056291141610105,-3.7060282959120063,0.8,0,1666596688260,01370022,"2022-10-24,15:31:28",30
4609,03D2C30A,3.4794189103342785,-1.538864232911576,0.8,0,1666596690460,01370022,"2022-10-24,15:31:30",30
4610,03D2C30A,3.57652404503578,-1.3884885381071377,0.8,0,1666596690560,01370022,"2022-10-24,15:31:30",30
4611,03D2C30A,2.6158559329640134,-0.41606583172626477,0.8,0,1666596691330,01370022,"2022-10-24,15:31:31",30
4612,03D2C30A,2.6020474283445476,-0.18462007413319587,0.8,0,1666596691461,01370022,"2022-10-24,15:31:31",30
4613,03D2C30A,2.589774456237137,-0.006317505068385271,0.8,0,1666596691570,01370022,"2022-10-24,15:31:31",30
4614,03D2C30A,2.576845565631293,0.20121416573478468,0.8,0,1666596691700,01370022,"2022-10-24,15:31:31",30
4615,03D2C30A,2.5684984036343907,0.4259058211670867,0.8,0,1666596691840,01370022,"2022-10-24,15:31:31",30
4616,03D2C30A,2.5687188214667214,0.6193319446192154,0.8,0,1666596691960,01370022,"2022-10-24,15:31:32",30
4617,03D2C30A,2.5810794063612317,0.8425492588370481,0.8,0,1666596692100,01370022,"2022-10-24,15:31:32",30
4618,03D2C30A,2.5954896803974514,0.996162591626865,0.8,0,1666596692221,01370022,"2022-10-24,15:31:32",30
4619,03D2C30A,2.6086598003411643,1.1118823800998991,0.8,0,1666596692341,01370022,"2022-10-24,15:31:32",30
4620,03D2C30A,2.619964779550284,1.2135696063061825,0.8,0,1666596692480,01370022,"2022-10-24,15:31:32",30
4621,03D2C30A,2.63165378120482,1.2692139715687754,0.8,0,1666596692600,01370022,"2022-10-24,15:31:32",30
4622,03D2C30A,1.9966524333094027,2.13513638198092,1,0,1666596693581,01370022,"2022-10-24,15:31:33",30
4623,03D2C30A,1.8370059665206158,2.1592311920292677,1,0,1666596693700,01370022,"2022-10-24,15:31:33",30
4624,03D2C30A,1.72590962079862,2.1911330621340492,1,0,1666596693830,01370022,"2022-10-24,15:31:33",30
4625,03D2C30A,1.6498768121856096,2.2213885934333613,1,0,1666596693961,01370022,"2022-10-24,15:31:34",30
4626,03D2C30A,1.593940560190059,2.2445428237177296,1,0,1666596694091,01370022,"2022-10-24,15:31:34",30
4627,03D2C30A,1.548581139181527,2.2642411935166624,1,0,1666596694231,01370022,"2022-10-24,15:31:34",30
4628,03D2C30A,1.5155080107341212,2.2727947846014653,1,0,1666596694371,01370022,"2022-10-24,15:31:34",30
4629,03D2C30A,1.492830763671379,2.271593497488116,1,0,1666596694511,01370022,"2022-10-24,15:31:34",30
4630,03D2C30A,1.4811134865783964,2.259791485335702,1,0,1666596694641,01370022,"2022-10-24,15:31:34",30
4631,03D2C30A,1.4730780743396261,2.2467091021072108,1,0,1666596694781,01370022,"2022-10-24,15:31:34",30
4632,03D2C30A,1.4587322034800387,2.3652448995473523,1,0,1666596694901,01370022,"2022-10-24,15:31:35",30
4633,03D2C30A,1.4587322034800387,2.3652448995473523,1,1,1666596695020,01370022,"2022-10-24,15:31:35",30
4634,03D2C30A,1.4088630064038687,2.4445688524684233,1,0,1666596695141,01370022,"2022-10-24,15:31:35",30
4635,03D2C30A,1.4471316867250197,2.5635799074909036,1,0,1666596695271,01370022,"2022-10-24,15:31:35",30
4636,03D2C30A,1.4599884228296316,2.713575951730563,1,0,1666596695411,01370022,"2022-10-24,15:31:35",30
4637,03D2C30A,1.4973904698208116,2.8446306576284606,0.8,0,1666596695541,01370022,"2022-10-24,15:31:35",30
4638,03D2C30A,1.5042146157967882,2.992008186530436,1,0,1666596695781,01370022,"2022-10-24,15:31:35",30
4639,03D2C30A,1.519370518707403,3.056591625815696,1,0,1666596695921,01370022,"2022-10-24,15:31:36",30
4640,03D2C30A,1.519370518707403,3.056591625815696,1,1,1666596696041,01370022,"2022-10-24,15:31:36",30
4641,03D2C30A,1.5074827522234966,3.1534549753651744,1,0,1666596696151,01370022,"2022-10-24,15:31:36",30
4642,03D2C30A,1.540255184285477,3.3010293535922828,0.8,0,1666596696281,01370022,"2022-10-24,15:31:36",30
4643,03D2C30A,1.5818015664767382,3.41790718733929,0.8,0,1666596696391,01370022,"2022-10-24,15:31:36",30
4644,03D2C30A,1.6387807641031202,3.5687378382671597,0.8,0,1666596696531,01370022,"2022-10-24,15:31:36",30
4645,03D2C30A,1.6373042541779024,3.5501524119410512,1,0,1666596696661,01370022,"2022-10-24,15:31:36",30
4646,03D2C30A,1.6982947478356012,3.693744207964317,0.8,0,1666596696801,01370022,"2022-10-24,15:31:36",30
4647,03D2C30A,-0.6541518799220081,3.950649330974051,0.8,1,1666596730222,01370022,"2022-10-24,15:32:10",31
4648,03D2C30A,-0.6541518799220081,3.950649330974051,0.8,1,1666596730362,01370022,"2022-10-24,15:32:10",31
4649,03D2C30A,-0.6541518799220081,3.950649330974051,0.8,1,1666596730502,01370022,"2022-10-24,15:32:10",31
4650,03D2C30A,-0.6541518799220081,3.950649330974051,0.8,1,1666596730642,01370022,"2022-10-24,15:32:10",31
4651,03D2C30A,-0.6541518799220081,3.950649330974051,0.8,1,1666596730792,01370022,"2022-10-24,15:32:10",31
4652,03D2C30A,-0.6526977060710137,3.996897915899107,0.8,0,1666596730902,01370022,"2022-10-24,15:32:11",31
4653,03D2C30A,-0.6450342844660566,3.8621194942801993,0.8,0,1666596731022,01370022,"2022-10-24,15:32:11",31
4654,03D2C30A,-0.6391936144675933,3.760772278741863,0.8,0,1666596731132,01370022,"2022-10-24,15:32:11",31
4655,03D2C30A,-0.6170188849487706,3.376656395268497,0.8,0,1666596731782,01370022,"2022-10-24,15:32:11",31
4656,03D2C30A,-0.609686791348009,3.226967098112968,0.8,0,1666596731902,01370022,"2022-10-24,15:32:12",31
4657,03D2C30A,-0.6043670908788098,3.121820887801038,0.8,0,1666596732052,01370022,"2022-10-24,15:32:12",31
4658,03D2C30A,-0.6011042254442331,3.0559468510653267,0.8,0,1666596732172,01370022,"2022-10-24,15:32:12",31
4659,03D2C30A,-0.5984934561000467,3.003944253381894,0.8,0,1666596732302,01370022,"2022-10-24,15:32:12",31
4660,03D2C30A,-0.596379168666972,2.961825001676385,0.8,0,1666596732442,01370022,"2022-10-24,15:32:12",31
4661,03D2C30A,-0.5932855388580308,2.9031818610863698,0.8,0,1666596732702,01370022,"2022-10-24,15:32:12",31
4662,03D2C30A,-0.5920873398058506,2.9687152535363537,0.8,0,1666596732822,01370022,"2022-10-24,15:32:13",31
4663,03D2C30A,-0.5910413990847789,3.035374045235188,0.8,0,1666596732942,01370022,"2022-10-24,15:32:13",31
4664,03D2C30A,-0.5901215962648504,3.112314563959279,0.8,0,1666596733072,01370022,"2022-10-24,15:32:13",31
4665,03D2C30A,-0.5892540038690026,3.0115842033234963,0.8,0,1666596733202,01370022,"2022-10-24,15:32:13",31
4666,03D2C30A,-0.5886490608509836,2.760283641413679,0.8,0,1666596733462,01370022,"2022-10-24,15:32:13",31
4667,03D2C30A,-0.5888434984428156,2.648742037405659,0.8,0,1666596733572,01370022,"2022-10-24,15:32:13",31
4668,03D2C30A,-0.5892682673537861,2.526291556169497,0.8,0,1666596733692,01370022,"2022-10-24,15:32:13",31
4669,03D2C30A,-0.590017921458887,2.4013458338478486,0.8,0,1666596733812,01370022,"2022-10-24,15:32:14",31
4670,03D2C30A,-0.5913935313877455,2.2536026092326393,0.8,0,1666596733952,01370022,"2022-10-24,15:32:14",31
4671,03D2C30A,-0.5926705899964123,2.1279049682829863,0.8,0,1666596734102,01370022,"2022-10-24,15:32:14",31
4672,03D2C30A,-0.5939137541990807,2.047211497342354,0.8,0,1666596734212,01370022,"2022-10-24,15:32:14",31
4673,03D2C30A,-0.5949529712712015,1.9784873892750248,0.8,0,1666596734332,01370022,"2022-10-24,15:32:14",31
4674,03D2C30A,-0.646857442506163,1.8787845909056893,0.8,0,1666596734442,01370022,"2022-10-24,15:32:14",31
4675,03D2C30A,-0.8040469586043744,1.6342279707981267,0.8,0,1666596734693,01370022,"2022-10-24,15:32:14",31
4676,03D2C30A,-0.913995226541421,1.489822364115021,0.8,0,1666596734842,01370022,"2022-10-24,15:32:15",31
4677,03D2C30A,-0.9174810720167965,1.35163583078527,0.8,0,1666596734952,01370022,"2022-10-24,15:32:15",31
4678,03D2C30A,-0.9184319144138047,1.1857530129749825,0.8,0,1666596735082,01370022,"2022-10-24,15:32:15",31
4679,03D2C30A,-0.9155233701636241,1.0288389461429286,0.8,0,1666596735203,01370022,"2022-10-24,15:32:15",31
4680,03D2C30A,-0.9095196772549067,0.8848015988648609,0.8,0,1666596735313,01370022,"2022-10-24,15:32:15",31
4681,03D2C30A,-1.3518917147998097,-0.4001367715653318,0.8,0,1666596736093,01370022,"2022-10-24,15:32:16",31
4682,03D2C30A,-1.441110530811272,-0.6055167721585882,0.8,0,1666596736213,01370022,"2022-10-24,15:32:16",31
4683,03D2C30A,-1.5445581165506037,-0.8338752691067868,0.8,0,1666596736353,01370022,"2022-10-24,15:32:16",31
4684,03D2C30A,-1.6288286823618028,-1.019508388799479,0.8,0,1666596736503,01370022,"2022-10-24,15:32:16",31
4685,03D2C30A,-1.6858379316632877,-1.1390174097846004,0.8,0,1666596736633,01370022,"2022-10-24,15:32:16",31
4686,03D2C30A,-1.732175345971557,-1.236795860387927,0.8,0,1666596736773,01370022,"2022-10-24,15:32:16",31
4687,03D2C30A,-1.769344014918432,-1.3132667263525755,0.8,0,1666596736923,01370022,"2022-10-24,15:32:17",31
4688,03D2C30A,-1.3804212290995679,-2.0295943246866663,0.8,0,1666596737443,01370022,"2022-10-24,15:32:17",31
4689,03D2C30A,-1.2750732270565495,-2.1801214633922052,0.8,0,1666596737563,01370022,"2022-10-24,15:32:17",31
4690,03D2C30A,-1.1563727073650771,-2.280557496666769,0.8,0,1666596737693,01370022,"2022-10-24,15:32:17",31
4691,03D2C30A,-1.037440884341026,-2.444266658686098,0.8,0,1666596737833,01370022,"2022-10-24,15:32:18",31
4692,03D2C30A,-0.9128361973572807,-2.6018371216843126,0.8,0,1666596737973,01370022,"2022-10-24,15:32:18",31
4693,03D2C30A,-0.8614826307535836,-2.8077224231418403,0.8,0,1666596738103,01370022,"2022-10-24,15:32:18",31
4694,03D2C30A,-0.8140319278437959,-2.999862474540983,0.8,0,1666596738223,01370022,"2022-10-24,15:32:18",31
4695,03D2C30A,-0.7665443727456623,-3.194435476978177,0.8,0,1666596738343,01370022,"2022-10-24,15:32:18",31
4696,03D2C30A,-0.6142506349534794,-3.4091554124693086,0.8,0,1666596738593,01370022,"2022-10-24,15:32:18",31
4697,03D2C30A,-0.5086355919384051,-3.5574138430321867,0.8,0,1666596738713,01370022,"2022-10-24,15:32:18",31
4698,03D2C30A,-0.3750548110051932,-3.6949999358846237,0.8,0,1666596738853,01370022,"2022-10-24,15:32:19",31
4699,03D2C30A,-0.25282169402997123,-3.6956478145965064,0.8,0,1666596738973,01370022,"2022-10-24,15:32:19",31
4700,03D2C30A,-0.25639208484803255,-3.6956288902635483,0.8,0,1666596739083,01370022,"2022-10-24,15:32:19",31
4701,03D2C30A,-0.2650782689074056,-3.695582850418711,0.8,0,1666596739203,01370022,"2022-10-24,15:32:19",31
4702,03D2C30A,-0.15243363104490193,-3.696179906803141,0.8,0,1666596739323,01370022,"2022-10-24,15:32:19",31
4703,03D2C30A,-0.04722334002762629,-3.696737558522314,0.8,0,1666596739433,01370022,"2022-10-24,15:32:19",31
4704,03D2C30A,0.06950666838108788,-3.6973562688142327,0.8,0,1666596739553,01370022,"2022-10-24,15:32:19",31
4705,03D2C30A,0.18643265324204084,-3.6979760178505985,0.8,0,1666596739673,01370022,"2022-10-24,15:32:19",31
4706,03D2C30A,0.31017878955209177,-3.6986319160995915,0.8,0,1666596739803,01370022,"2022-10-24,15:32:20",31
4707,03D2C30A,0.4132632175861186,-3.699178299993765,0.8,0,1666596739923,01370022,"2022-10-24,15:32:20",31
4708,03D2C30A,0.5021383640348072,-3.6996493696745882,0.8,0,1666596740053,01370022,"2022-10-24,15:32:20",31
4709,03D2C30A,0.5770656187060492,-3.7000465106004077,0.8,0,1666596740193,01370022,"2022-10-24,15:32:20",31
4710,03D2C30A,0.6331200411171878,-3.700343618846403,0.8,0,1666596740333,01370022,"2022-10-24,15:32:20",31
4711,03D2C30A,0.6685728307715504,-3.7005315311590588,0.8,0,1666596740463,01370022,"2022-10-24,15:32:20",31
4712,03D2C30A,0.7696210774795498,-3.7010671225727054,0.8,0,1666596740843,01370022,"2022-10-24,15:32:21",31
4713,03D2C30A,0.7468657717368314,-3.7009465114115248,0.8,0,1666596740963,01370022,"2022-10-24,15:32:21",31
4714,03D2C30A,1.1623424529841238,-3.7031486846336836,0.8,0,1666596741353,01370022,"2022-10-24,15:32:21",31
4715,03D2C30A,1.314966664538197,-3.703957646885737,0.8,0,1666596741483,01370022,"2022-10-24,15:32:21",31
4716,03D2C30A,1.4600505237813133,-3.704726642606107,0.8,0,1666596741623,01370022,"2022-10-24,15:32:21",31
4717,03D2C30A,1.5687207975992985,-3.705302633456732,0.8,0,1666596741763,01370022,"2022-10-24,15:32:21",31
4718,03D2C30A,1.6532308113124468,-3.7057505663916075,0.8,0,1666596741907,01370022,"2022-10-24,15:32:22",31
4719,03D2C30A,1.7571334224330637,-3.7063012869452505,0.8,0,1666596742143,01370022,"2022-10-24,15:32:22",31
4720,03D2C30A,1.8291860304916394,-3.7066831912282465,0.8,0,1666596742413,01370022,"2022-10-24,15:32:22",31
4721,03D2C30A,1.8225340727552592,-3.7066479335017286,0.8,0,1666596742553,01370022,"2022-10-24,15:32:22",31
4722,03D2C30A,1.8137530080883115,-3.706601390756144,0.8,0,1666596742683,01370022,"2022-10-24,15:32:22",31
4723,03D2C30A,1.803459116263571,-3.7065468294920554,0.8,0,1666596742803,01370022,"2022-10-24,15:32:23",31
4724,03D2C30A,1.7934840316873855,-3.7064939580190366,0.8,0,1666596742923,01370022,"2022-10-24,15:32:23",31
4725,03D2C30A,1.7934840316873855,-3.7064939580190366,0.8,1,1666596743043,01370022,"2022-10-24,15:32:23",31
4726,03D2C30A,1.8590605736714152,-3.706841536863475,0.8,0,1666596743183,01370022,"2022-10-24,15:32:23",31
4727,03D2C30A,1.8251567665464021,-3.7066618347055686,0.8,0,1666596743313,01370022,"2022-10-24,15:32:23",31
4728,03D2C30A,1.7973287801875446,-3.706514336544656,0.8,0,1666596743433,01370022,"2022-10-24,15:32:23",31
4729,03D2C30A,1.7746265085860715,-3.7063940064831637,0.8,0,1666596743574,01370022,"2022-10-24,15:32:23",31
4730,03D2C30A,1.8957082427838716,-3.7070357824594775,0.8,0,1666596743723,01370022,"2022-10-24,15:32:23",31
4731,03D2C30A,2.0058850256900653,-3.7076197583406056,0.8,0,1666596743853,01370022,"2022-10-24,15:32:24",31
4732,03D2C30A,2.1002491065362254,-3.7081199213132883,0.8,0,1666596743963,01370022,"2022-10-24,15:32:24",31
4733,03D2C30A,2.214666575901879,-3.7087263743311274,0.8,0,1666596744093,01370022,"2022-10-24,15:32:24",31
4734,03D2C30A,2.3411699744322103,-3.709396887044186,0.8,0,1666596744233,01370022,"2022-10-24,15:32:24",31
4735,03D2C30A,2.331383867523525,-3.7093450172195817,0.8,0,1666596744343,01370022,"2022-10-24,15:32:24",31
4736,03D2C30A,2.450613833356888,-3.7099769781692284,0.8,0,1666596744483,01370022,"2022-10-24,15:32:24",31
4737,03D2C30A,2.459220890382129,-3.7079410748876844,0.8,0,1666596744603,01370022,"2022-10-24,15:32:24",31
4738,03D2C30A,2.549466729550034,-3.710500933449404,0.8,0,1666596744723,01370022,"2022-10-24,15:32:24",31
4739,03D2C30A,2.629958370437632,-3.710927567588384,0.8,0,1666596744853,01370022,"2022-10-24,15:32:25",31
4740,03D2C30A,2.6871819225515874,-3.711230872634925,0.8,0,1666596744963,01370022,"2022-10-24,15:32:25",31
4741,03D2C30A,2.902667909520916,-2.298679713812497,0.8,0,1666596745883,01370022,"2022-10-24,15:32:26",31
4742,03D2C30A,2.909612397270889,-2.125627000697381,0.8,0,1666596745993,01370022,"2022-10-24,15:32:26",31
4743,03D2C30A,2.9203569193498833,-1.9375385061145507,0.8,0,1666596746123,01370022,"2022-10-24,15:32:26",31
4744,03D2C30A,3.069411635034119,-1.854762701182421,0.8,0,1666596746263,01370022,"2022-10-24,15:32:26",31
4745,03D2C30A,3.037900986589897,-1.7400096077626455,0.8,0,1666596746373,01370022,"2022-10-24,15:32:26",31
4746,03D2C30A,2.9971410807737007,-1.6054687744893132,0.8,0,1666596746503,01370022,"2022-10-24,15:32:26",31
4747,03D2C30A,2.9542899801617977,-1.4821067749831383,0.8,0,1666596746623,01370022,"2022-10-24,15:32:26",31
4748,03D2C30A,2.900138260562829,-1.348812366334512,0.8,0,1666596746753,01370022,"2022-10-24,15:32:26",31
4749,03D2C30A,2.9012168699066514,-1.1718847450947265,0.8,0,1666596746883,01370022,"2022-10-24,15:32:27",31
4750,03D2C30A,2.895846282062983,-0.5131894903227201,0.8,0,1666596747283,01370022,"2022-10-24,15:32:27",31
4751,03D2C30A,2.8891621974652386,-0.3097095801244226,0.8,0,1666596747403,01370022,"2022-10-24,15:32:27",31
4752,03D2C30A,2.880753761546348,-0.09089699010484133,0.8,0,1666596747533,01370022,"2022-10-24,15:32:27",31
4753,03D2C30A,2.8711213737121466,0.11091252931136666,0.8,0,1666596747653,01370022,"2022-10-24,15:32:27",31
4754,03D2C30A,2.800367673494881,1.5697286968350221,1,0,1666596748433,01370022,"2022-10-24,15:32:28",31
4755,03D2C30A,2.7631545690429,1.8596268906895719,1,0,1666596748574,01370022,"2022-10-24,15:32:28",31
4756,03D2C30A,2.740734145392081,2.0436197719768066,1,0,1666596748703,01370022,"2022-10-24,15:32:28",31
4757,03D2C30A,2.726308018064742,2.15837862919713,1,0,1666596748813,01370022,"2022-10-24,15:32:29",31
4758,03D2C30A,2.607345891002132,2.313025973787174,1,0,1666596748963,01370022,"2022-10-24,15:32:29",31
4759,03D2C30A,2.4944505654105322,2.437467258266116,1,0,1666596749103,01370022,"2022-10-24,15:32:29",31
4760,03D2C30A,2.371262322970078,2.547758096157488,1,0,1666596749253,01370022,"2022-10-24,15:32:29",31
4761,03D2C30A,2.2844730655933914,2.6149347615628535,1,0,1666596749363,01370022,"2022-10-24,15:32:29",31
4762,03D2C30A,2.1926266086470503,2.676773759837976,1,0,1666596749483,01370022,"2022-10-24,15:32:29",31
4763,03D2C30A,2.224078513010412,2.829005166333739,1,0,1666596749603,01370022,"2022-10-24,15:32:29",31
4764,03D2C30A,2.1400415769615946,2.878943944743808,1,0,1666596749733,01370022,"2022-10-24,15:32:29",31
4765,03D2C30A,2.0518605592774173,2.9153664222070446,1,0,1666596749873,01370022,"2022-10-24,15:32:30",31
4766,03D2C30A,1.9865104619904226,2.93500094124934,1,0,1666596749983,01370022,"2022-10-24,15:32:30",31
4767,03D2C30A,1.9122972637736135,2.947253207018954,1,0,1666596750113,01370022,"2022-10-24,15:32:30",31
4768,03D2C30A,1.8532690712234337,2.950300867671538,1,0,1666596750223,01370022,"2022-10-24,15:32:30",31
4769,03D2C30A,1.7580206178158884,3.030388445747888,1,0,1666596750343,01370022,"2022-10-24,15:32:30",31
4770,03D2C30A,1.696812532741078,3.0217447470207928,1,0,1666596750473,01370022,"2022-10-24,15:32:30",31
4771,03D2C30A,1.6362634811638508,2.999267104257109,1,0,1666596750613,01370022,"2022-10-24,15:32:30",31
4772,03D2C30A,1.5771155102848755,3.05821770598341,1,0,1666596750753,01370022,"2022-10-24,15:32:30",31
4773,03D2C30A,1.4338433531238515,3.2081706701005652,1,0,1666596751293,01370022,"2022-10-24,15:32:31",31
4774,03D2C30A,1.4251923582827306,3.342770474870024,1,0,1666596751403,01370022,"2022-10-24,15:32:31",31
4775,03D2C30A,1.4251923582827306,3.342770474870024,1,1,1666596751533,01370022,"2022-10-24,15:32:31",31
4776,03D2C30A,1.3572709548234738,3.4334896157635506,1,0,1666596751673,01370022,"2022-10-24,15:32:31",31
4777,03D2C30A,1.3682833586161025,3.578922754893278,1,0,1666596751803,01370022,"2022-10-24,15:32:32",31
4778,03D2C30A,-0.7407155495144025,3.4502801754604766,0.8,0,1666596776895,01370022,"2022-10-24,15:32:57",32
4779,03D2C30A,-0.7407155495144025,3.4502801754604766,0.8,1,1666596777015,01370022,"2022-10-24,15:32:57",32
4780,03D2C30A,-0.7407155495144025,3.4502801754604766,0.8,1,1666596777145,01370022,"2022-10-24,15:32:57",32
4781,03D2C30A,-0.7407155495144025,3.4502801754604766,0.8,1,1666596777265,01370022,"2022-10-24,15:32:57",32
4782,03D2C30A,-0.7407155495144025,3.4502801754604766,0.8,1,1666596777385,01370022,"2022-10-24,15:32:57",32
4783,03D2C30A,-0.7544377797067464,3.53013255952496,0.8,0,1666596777525,01370022,"2022-10-24,15:32:57",32
4784,03D2C30A,-0.7172640729317628,3.4099147265439367,0.8,0,1666596777645,01370022,"2022-10-24,15:32:57",32
4785,03D2C30A,-0.6815668313273716,3.294449345364718,0.8,0,1666596777785,01370022,"2022-10-24,15:32:57",32
4786,03D2C30A,-0.658499409967694,3.218835189533093,0.8,0,1666596777895,01370022,"2022-10-24,15:32:58",32
4787,03D2C30A,-0.6409093199386144,3.163070938230426,0.8,0,1666596778035,01370022,"2022-10-24,15:32:58",32
4788,03D2C30A,-0.6273299929764327,3.1189334018454256,0.8,0,1666596778165,01370022,"2022-10-24,15:32:58",32
4789,03D2C30A,-0.6160779428139982,3.082070965376723,0.8,0,1666596778305,01370022,"2022-10-24,15:32:58",32
4790,03D2C30A,-0.6075025989144893,3.052733480403284,0.8,0,1666596778435,01370022,"2022-10-24,15:32:58",32
4791,03D2C30A,-0.6008022734794779,3.029097718989386,0.8,0,1666596778565,01370022,"2022-10-24,15:32:58",32
4792,03D2C30A,-0.5956858685874761,3.0103440273997726,0.8,0,1666596778695,01370022,"2022-10-24,15:32:58",32
4793,03D2C30A,-0.591900323661489,2.9957722549755896,0.8,0,1666596778825,01370022,"2022-10-24,15:32:59",32
4794,03D2C30A,-0.5889204475025128,2.983901266866783,0.8,0,1666596778965,01370022,"2022-10-24,15:32:59",32
4795,03D2C30A,-0.5878065236896248,2.977714152050471,0.8,0,1666596779075,01370022,"2022-10-24,15:32:59",32
4796,03D2C30A,-0.5865987911773194,2.9717205610935014,0.8,0,1666596779205,01370022,"2022-10-24,15:32:59",32
4797,03D2C30A,-0.5864396770013117,2.969111453423595,0.8,0,1666596779315,01370022,"2022-10-24,15:32:59",32
4798,03D2C30A,-0.5857324888216908,2.965136112569683,0.8,0,1666596779465,01370022,"2022-10-24,15:32:59",32
4799,03D2C30A,-0.5841055829190417,2.868170327328686,0.8,0,1666596779595,01370022,"2022-10-24,15:32:59",32
4800,03D2C30A,-0.5830141258729206,2.773530353610889,0.8,0,1666596779715,01370022,"2022-10-24,15:32:59",32
4801,03D2C30A,-0.5826966199902384,2.5171587847995394,0.8,0,1666596779985,01370022,"2022-10-24,15:33:00",32
4802,03D2C30A,-0.5842422739544654,2.368856850968934,0.8,0,1666596780125,01370022,"2022-10-24,15:33:00",32
4803,03D2C30A,-0.5864679811610252,2.233600868824976,0.8,0,1666596780255,01370022,"2022-10-24,15:33:00",32
4804,03D2C30A,-0.588397585631892,2.1317027567123428,0.8,0,1666596780375,01370022,"2022-10-24,15:33:00",32
4805,03D2C30A,-0.5900652986621433,2.0556163984159563,0.8,0,1666596780485,01370022,"2022-10-24,15:33:00",32
4806,03D2C30A,-0.5911563840777126,1.9263289599621933,0.8,0,1666596780765,01370022,"2022-10-24,15:33:00",32
4807,03D2C30A,-0.5933371660259339,0.8532138243997942,0.8,0,1666596781405,01370022,"2022-10-24,15:33:01",32
4808,03D2C30A,-0.5961796060077079,0.22510571260024173,0.8,0,1666596781795,01370022,"2022-10-24,15:33:01",32
4809,03D2C30A,-0.5977020164210629,-0.19758120491227094,0.8,0,1666596782295,01370022,"2022-10-24,15:33:02",32
4810,03D2C30A,-0.682453575944849,-0.33594244845349075,0.8,0,1666596782405,01370022,"2022-10-24,15:33:02",32
4811,03D2C30A,-0.6737043540073403,-0.5581592027041794,0.8,0,1666596782545,01370022,"2022-10-24,15:33:02",32
4812,03D2C30A,-0.762427184497842,-0.6923653497715507,0.8,0,1666596782665,01370022,"2022-10-24,15:33:02",32
4813,03D2C30A,-0.8449700705895307,-0.8390488791326797,0.8,0,1666596782785,01370022,"2022-10-24,15:33:02",32
4814,03D2C30A,-0.9506236645319484,-0.9665029458893966,0.8,0,1666596782915,01370022,"2022-10-24,15:33:03",32
4815,03D2C30A,-0.1703547190699175,-1.4443320685526184,0.8,0,1666596783975,01370022,"2022-10-24,15:33:04",32
4816,03D2C30A,-0.09666296002180398,-1.6350648171795827,0.8,0,1666596784095,01370022,"2022-10-24,15:33:04",32
4817,03D2C30A,-0.024694326414189886,-1.8242066792436362,0.8,0,1666596784225,01370022,"2022-10-24,15:33:04",32
4818,03D2C30A,0.052091094444710474,-1.8174369136432809,0.8,0,1666596784345,01370022,"2022-10-24,15:33:04",32
4819,03D2C30A,0.1011065882574088,-1.9930550554486544,0.8,0,1666596784475,01370022,"2022-10-24,15:33:04",32
4820,03D2C30A,0.14986733394010623,-2.171052745746848,0.8,0,1666596784605,01370022,"2022-10-24,15:33:04",32
4821,03D2C30A,0.20629652504387752,-2.3835589493038434,0.8,0,1666596784755,01370022,"2022-10-24,15:33:04",32
4822,03D2C30A,0.24732278023200868,-2.5424323257432975,0.8,0,1666596784865,01370022,"2022-10-24,15:33:05",32
4823,03D2C30A,0.23632671003132658,-2.7091797377162377,0.8,0,1666596784985,01370022,"2022-10-24,15:33:05",32
4824,03D2C30A,0.2824379643723692,-2.9043395133106733,0.8,0,1666596785115,01370022,"2022-10-24,15:33:05",32
4825,03D2C30A,0.3252690382724413,-3.088701133720617,0.8,0,1666596785235,01370022,"2022-10-24,15:33:05",32
4826,03D2C30A,0.3718887413758724,-3.29344215262137,0.8,0,1666596785365,01370022,"2022-10-24,15:33:05",32
4827,03D2C30A,0.41837376544033805,-3.503309139014212,0.8,0,1666596785495,01370022,"2022-10-24,15:33:05",32
4828,03D2C30A,0.4678254828038062,-3.699467499279371,0.8,0,1666596785635,01370022,"2022-10-24,15:33:05",32
4829,03D2C30A,0.5079554787780456,-3.699680202438245,0.8,0,1666596785765,01370022,"2022-10-24,15:33:05",32
4830,03D2C30A,0.539011125583551,-3.699844808340041,0.8,0,1666596785896,01370022,"2022-10-24,15:33:06",32
4831,03D2C30A,0.5595354497554075,-3.6999535945105633,0.8,0,1666596786015,01370022,"2022-10-24,15:33:06",32
4832,03D2C30A,0.5747694894958233,-3.7000343403042404,0.8,0,1666596786135,01370022,"2022-10-24,15:33:06",32
4833,03D2C30A,0.6226935951399426,-3.700288354998467,0.8,0,1666596786505,01370022,"2022-10-24,15:33:06",32
4834,03D2C30A,0.6124002328537648,-3.70023379654112,0.8,0,1666596786645,01370022,"2022-10-24,15:33:06",32
4835,03D2C30A,0.6013263352448028,-3.700175100970754,0.8,0,1666596786755,01370022,"2022-10-24,15:33:06",32
4836,03D2C30A,0.5961840647717258,-3.70014784512019,0.8,0,1666596786895,01370022,"2022-10-24,15:33:07",32
4837,03D2C30A,0.588844524610729,-3.70010894296386,0.8,0,1666596787015,01370022,"2022-10-24,15:33:07",32
4838,03D2C30A,0.5821356585927031,-3.7000733836033404,0.8,0,1666596787135,01370022,"2022-10-24,15:33:07",32
4839,03D2C30A,0.6680858293565413,-3.700528949879474,0.8,0,1666596787255,01370022,"2022-10-24,15:33:07",32
4840,03D2C30A,1.2979861912364408,-3.7038676443770706,0.8,0,1666596788324,01370022,"2022-10-24,15:33:08",32
4841,03D2C30A,1.3629534044423233,-3.704211993563674,0.8,0,1666596788415,01370022,"2022-10-24,15:33:08",32
4842,03D2C30A,1.4306412311081615,-3.704570762962963,0.8,0,1666596788534,01370022,"2022-10-24,15:33:08",32
4843,03D2C30A,1.7854234411682226,-3.70645123404102,0.8,0,1666596788884,01370022,"2022-10-24,15:33:09",32
4844,03D2C30A,1.8015300524450595,-3.706536604772169,0.8,0,1666596789014,01370022,"2022-10-24,15:33:09",32
4845,03D2C30A,1.8074023276491018,-3.7065677299057596,0.8,0,1666596789144,01370022,"2022-10-24,15:33:09",32
4846,03D2C30A,1.8056411488246118,-3.706558395035665,0.8,0,1666596789274,01370022,"2022-10-24,15:33:09",32
4847,03D2C30A,1.6433159476509736,-3.0130295125020568,0.8,0,1666596789924,01370022,"2022-10-24,15:33:10",32
4848,03D2C30A,1.7588730789332743,-3.06550857950385,0.8,0,1666596790054,01370022,"2022-10-24,15:33:10",32
4849,03D2C30A,1.7308179445268463,-3.0019889810954608,0.8,0,1666596790194,01370022,"2022-10-24,15:33:10",32
4850,03D2C30A,1.7114670403578827,-2.9591333634227905,0.8,0,1666596790324,01370022,"2022-10-24,15:33:10",32
4851,03D2C30A,1.707114675539349,-1.7770105637402365,0.8,0,1666596791104,01370022,"2022-10-24,15:33:11",32
4852,03D2C30A,1.6923160377254471,-1.541822389298531,0.8,0,1666596791244,01370022,"2022-10-24,15:33:11",32
4853,03D2C30A,1.8171426084781912,-1.4827374697362026,0.8,0,1666596791374,01370022,"2022-10-24,15:33:11",32
4854,03D2C30A,1.765891236935338,-0.5849106509337036,0.8,0,1666596791884,01370022,"2022-10-24,15:33:12",32
4855,03D2C30A,1.8839685907013022,-0.44806382833158936,0.8,0,1666596792004,01370022,"2022-10-24,15:33:12",32
4856,03D2C30A,1.9869514884652346,-0.2707949323128979,0.8,0,1666596792134,01370022,"2022-10-24,15:33:12",32
4857,03D2C30A,2.08151457860232,-0.1105726529623258,0.8,0,1666596792254,01370022,"2022-10-24,15:33:12",32
4858,03D2C30A,2.1780663541899217,0.046953823979510256,0.8,0,1666596792374,01370022,"2022-10-24,15:33:12",32
4859,03D2C30A,2.2784945784038566,0.2018263624971915,0.8,0,1666596792494,01370022,"2022-10-24,15:33:12",32
4860,03D2C30A,2.4141538267057054,0.3919401421089751,0.8,0,1666596792644,01370022,"2022-10-24,15:33:12",32
4861,03D2C30A,2.5404627090332736,0.5514347446203435,0.8,0,1666596792774,01370022,"2022-10-24,15:33:12",32
4862,03D2C30A,2.663285187470451,0.6931926128241674,0.8,0,1666596792894,01370022,"2022-10-24,15:33:13",32
4863,03D2C30A,2.803907263337686,0.8396148087219295,0.8,0,1666596793024,01370022,"2022-10-24,15:33:13",32
4864,03D2C30A,2.9865615655359012,1.874117145490304,1,0,1666596793775,01370022,"2022-10-24,15:33:13",32
4865,03D2C30A,2.915818374491849,2.009740134932564,1,0,1666596793885,01370022,"2022-10-24,15:33:14",32
4866,03D2C30A,2.8843623186689413,2.1147514040513546,1,0,1666596794005,01370022,"2022-10-24,15:33:14",32
4867,03D2C30A,2.8676075344809284,2.203468893605449,1,0,1666596794135,01370022,"2022-10-24,15:33:14",32
4868,03D2C30A,2.7875202331879407,2.319082791170371,1,0,1666596794285,01370022,"2022-10-24,15:33:14",32
4869,03D2C30A,2.708803427383499,2.413390294791864,1,0,1666596794425,01370022,"2022-10-24,15:33:14",32
4870,03D2C30A,2.633700833251454,2.488800687486524,1,0,1666596794554,01370022,"2022-10-24,15:33:14",32
4871,03D2C30A,2.5469967720108633,2.5576060577144166,1,0,1666596794695,01370022,"2022-10-24,15:33:14",32
4872,03D2C30A,2.479069943031035,2.602433318802755,1,0,1666596794805,01370022,"2022-10-24,15:33:15",32
4873,03D2C30A,2.389039078371835,2.646940554305349,1,0,1666596794945,01370022,"2022-10-24,15:33:15",32
4874,03D2C30A,2.311143308053508,2.6741755472060116,1,0,1666596795065,01370022,"2022-10-24,15:33:15",32
4875,03D2C30A,2.23313129934443,2.6921683726906074,1,0,1666596795185,01370022,"2022-10-24,15:33:15",32
4876,03D2C30A,2.1481113049892957,2.700264448196255,1,0,1666596795315,01370022,"2022-10-24,15:33:15",32
4877,03D2C30A,2.056228360261655,2.6945447099037843,1,0,1666596795455,01370022,"2022-10-24,15:33:15",32
4878,03D2C30A,1.9584369652371347,2.6709808382993265,1,0,1666596795605,01370022,"2022-10-24,15:33:15",32
4879,03D2C30A,1.8535682531018005,2.7774138398672252,1,0,1666596795735,01370022,"2022-10-24,15:33:15",32
4880,03D2C30A,1.7563396060860963,2.8736183942545495,1,0,1666596795855,01370022,"2022-10-24,15:33:16",32
4881,03D2C30A,1.6695702387073024,2.9596781787009925,1,0,1666596795995,01370022,"2022-10-24,15:33:16",32
4882,03D2C30A,1.6093549747016191,2.9232759518881615,1,0,1666596796135,01370022,"2022-10-24,15:33:16",32
4883,03D2C30A,1.5583219819806442,2.9854745489010037,1,0,1666596796265,01370022,"2022-10-24,15:33:16",32
4884,03D2C30A,1.5195567448628944,3.034170244636247,1,0,1666596796395,01370022,"2022-10-24,15:33:16",32
4885,03D2C30A,1.497385738064566,3.0650209251364253,1,0,1666596796505,01370022,"2022-10-24,15:33:16",32
4886,03D2C30A,1.4672563414381616,3.170437272291503,1,0,1666596796615,01370022,"2022-10-24,15:33:16",32
4887,03D2C30A,1.45724153061652,3.2946023237926756,0.8,0,1666596796745,01370022,"2022-10-24,15:33:16",32
4888,03D2C30A,1.433595142162067,3.441609576843979,1,0,1666596796885,01370022,"2022-10-24,15:33:17",32
4889,03D2C30A,1.4335000098942225,3.5550719380214235,0.8,0,1666596796995,01370022,"2022-10-24,15:33:17",32
4890,03D2C30A,1.4375401508220818,3.681860168247057,0.8,0,1666596797115,01370022,"2022-10-24,15:33:17",32
4891,03D2C30A,1.4442397250352181,3.812283035818622,1,0,1666596797235,01370022,"2022-10-24,15:33:17",32
4892,03D2C30A,1.4514522324860184,3.925646628694267,1,0,1666596797365,01370022,"2022-10-24,15:33:17",32
4893,03D2C30A,1.4599472544104506,4.022582620174944,1,0,1666596797505,01370022,"2022-10-24,15:33:17",32
4894,03D2C30A,1.4534188370962444,4.180651798204534,0.8,0,1666596797635,01370022,"2022-10-24,15:33:17",32
4895,03D2C30A,1.4511133145255084,4.317128634594135,0.8,0,1666596797745,01370022,"2022-10-24,15:33:17",32
4896,03D2C30A,1.4847031561868602,4.468386226073767,0.8,0,1666596797875,01370022,"2022-10-24,15:33:18",32
4897,03D2C30A,1.525495331176487,4.6221322889698975,0.8,0,1666596798005,01370022,"2022-10-24,15:33:18",32
4898,03D2C30A,1.5353109446377726,4.7952224598050766,0.8,0,1666596798135,01370022,"2022-10-24,15:33:18",32
4899,03D2C30A,1.5448614766574098,4.92054367361214,0.8,0,1666596798245,01370022,"2022-10-24,15:33:18",32
4900,03D2C30A,1.6070505649009899,5.088360165366129,0.8,0,1666596798385,01370022,"2022-10-24,15:33:18",32
4901,03D2C30A,1.6802430592506308,5.255980750334087,0.8,0,1666596798525,01370022,"2022-10-24,15:33:18",32
